ISO-10303-21;
HEADER;
FILE_DESCRIPTION(('FreeCAD Model'),'2;1');
FILE_NAME('Open CASCADE Shape Model','2026-07-29T13:47:25',('FreeCAD'),(
    'FreeCAD'),'Open CASCADE STEP processor 7.9','FreeCAD','Unknown');
FILE_SCHEMA(('AUTOMOTIVE_DESIGN { 1 0 10303 214 1 1 1 1 }'));
ENDSEC;
DATA;
#1 = APPLICATION_PROTOCOL_DEFINITION('international standard',
  'automotive_design',2000,#2);
#2 = APPLICATION_CONTEXT(
  'core data for automotive mechanical design processes');
#3 = SHAPE_DEFINITION_REPRESENTATION(#4,#10);
#4 = PRODUCT_DEFINITION_SHAPE('','',#5);
#5 = PRODUCT_DEFINITION('design','',#6,#9);
#6 = PRODUCT_DEFINITION_FORMATION('','',#7);
#7 = PRODUCT('Open CASCADE STEP translator 7.9 1',
  'Open CASCADE STEP translator 7.9 1','',(#8));
#8 = PRODUCT_CONTEXT('',#2,'mechanical');
#9 = PRODUCT_DEFINITION_CONTEXT('part definition',#2,'design');
#10 = SHAPE_REPRESENTATION('',(#11,#15,#2849),#3221);
#11 = AXIS2_PLACEMENT_3D('',#12,#13,#14);
#12 = CARTESIAN_POINT('',(0.,0.,0.));
#13 = DIRECTION('',(0.,0.,1.));
#14 = DIRECTION('',(1.,0.,-0.));
#15 = MANIFOLD_SOLID_BREP('',#16);
#16 = CLOSED_SHELL('',(#17,#57,#186,#221,#277,#308,#325,#356,#380,#411,
    #435,#466,#490,#514,#531,#556,#587,#618,#649,#680,#702,#741,#870,
    #901,#998,#1029,#1051,#1071,#1125,#1248,#1279,#1303,#1373,#1404,
    #1435,#1452,#1483,#1507,#1554,#1585,#1602,#1619,#1650,#1674,#1698,
    #1715,#1746,#1770,#1794,#1818,#1842,#1866,#1890,#1907,#1938,#1950,
    #1981,#2012,#2043,#2074,#2086,#2117,#2148,#2164,#2195,#2226,#2257,
    #2288,#2310,#2341,#2363,#2394,#2425,#2447,#2478,#2494,#2510,#2540,
    #2603,#2643,#2665,#2687,#2699,#2718,#2734,#2750,#2766,#2782,#2801,
    #2817,#2833));
#17 = ADVANCED_FACE('',(#18),#52,.F.);
#18 = FACE_BOUND('',#19,.F.);
#19 = EDGE_LOOP('',(#20,#30,#38,#46));
#20 = ORIENTED_EDGE('',*,*,#21,.F.);
#21 = EDGE_CURVE('',#22,#24,#26,.T.);
#22 = VERTEX_POINT('',#23);
#23 = CARTESIAN_POINT('',(0.,0.,0.));
#24 = VERTEX_POINT('',#25);
#25 = CARTESIAN_POINT('',(0.,0.,22.));
#26 = LINE('',#27,#28);
#27 = CARTESIAN_POINT('',(0.,0.,0.));
#28 = VECTOR('',#29,1.);
#29 = DIRECTION('',(0.,0.,1.));
#30 = ORIENTED_EDGE('',*,*,#31,.T.);
#31 = EDGE_CURVE('',#22,#32,#34,.T.);
#32 = VERTEX_POINT('',#33);
#33 = CARTESIAN_POINT('',(0.,74.,0.));
#34 = LINE('',#35,#36);
#35 = CARTESIAN_POINT('',(0.,0.,0.));
#36 = VECTOR('',#37,1.);
#37 = DIRECTION('',(0.,1.,0.));
#38 = ORIENTED_EDGE('',*,*,#39,.T.);
#39 = EDGE_CURVE('',#32,#40,#42,.T.);
#40 = VERTEX_POINT('',#41);
#41 = CARTESIAN_POINT('',(0.,74.,22.));
#42 = LINE('',#43,#44);
#43 = CARTESIAN_POINT('',(0.,74.,0.));
#44 = VECTOR('',#45,1.);
#45 = DIRECTION('',(0.,0.,1.));
#46 = ORIENTED_EDGE('',*,*,#47,.F.);
#47 = EDGE_CURVE('',#24,#40,#48,.T.);
#48 = LINE('',#49,#50);
#49 = CARTESIAN_POINT('',(0.,0.,22.));
#50 = VECTOR('',#51,1.);
#51 = DIRECTION('',(0.,1.,0.));
#52 = PLANE('',#53);
#53 = AXIS2_PLACEMENT_3D('',#54,#55,#56);
#54 = CARTESIAN_POINT('',(0.,0.,0.));
#55 = DIRECTION('',(1.,0.,0.));
#56 = DIRECTION('',(0.,0.,1.));
#57 = ADVANCED_FACE('',(#58,#147),#181,.F.);
#58 = FACE_BOUND('',#59,.F.);
#59 = EDGE_LOOP('',(#60,#68,#69,#77,#85,#93,#101,#109,#117,#125,#133,
    #141));
#60 = ORIENTED_EDGE('',*,*,#61,.F.);
#61 = EDGE_CURVE('',#22,#62,#64,.T.);
#62 = VERTEX_POINT('',#63);
#63 = CARTESIAN_POINT('',(2.,0.,0.));
#64 = LINE('',#65,#66);
#65 = CARTESIAN_POINT('',(0.,0.,0.));
#66 = VECTOR('',#67,1.);
#67 = DIRECTION('',(1.,0.,0.));
#68 = ORIENTED_EDGE('',*,*,#21,.T.);
#69 = ORIENTED_EDGE('',*,*,#70,.T.);
#70 = EDGE_CURVE('',#24,#71,#73,.T.);
#71 = VERTEX_POINT('',#72);
#72 = CARTESIAN_POINT('',(57.,0.,22.));
#73 = LINE('',#74,#75);
#74 = CARTESIAN_POINT('',(0.,0.,22.));
#75 = VECTOR('',#76,1.);
#76 = DIRECTION('',(1.,0.,0.));
#77 = ORIENTED_EDGE('',*,*,#78,.F.);
#78 = EDGE_CURVE('',#79,#71,#81,.T.);
#79 = VERTEX_POINT('',#80);
#80 = CARTESIAN_POINT('',(57.,0.,0.));
#81 = LINE('',#82,#83);
#82 = CARTESIAN_POINT('',(57.,0.,0.));
#83 = VECTOR('',#84,1.);
#84 = DIRECTION('',(0.,0.,1.));
#85 = ORIENTED_EDGE('',*,*,#86,.F.);
#86 = EDGE_CURVE('',#87,#79,#89,.T.);
#87 = VERTEX_POINT('',#88);
#88 = CARTESIAN_POINT('',(55.,0.,0.));
#89 = LINE('',#90,#91);
#90 = CARTESIAN_POINT('',(0.,0.,0.));
#91 = VECTOR('',#92,1.);
#92 = DIRECTION('',(1.,0.,0.));
#93 = ORIENTED_EDGE('',*,*,#94,.T.);
#94 = EDGE_CURVE('',#87,#95,#97,.T.);
#95 = VERTEX_POINT('',#96);
#96 = CARTESIAN_POINT('',(55.,0.,2.2));
#97 = LINE('',#98,#99);
#98 = CARTESIAN_POINT('',(55.,0.,0.));
#99 = VECTOR('',#100,1.);
#100 = DIRECTION('',(0.,0.,1.));
#101 = ORIENTED_EDGE('',*,*,#102,.F.);
#102 = EDGE_CURVE('',#103,#95,#105,.T.);
#103 = VERTEX_POINT('',#104);
#104 = CARTESIAN_POINT('',(53.,0.,2.2));
#105 = LINE('',#106,#107);
#106 = CARTESIAN_POINT('',(53.,0.,2.2));
#107 = VECTOR('',#108,1.);
#108 = DIRECTION('',(1.,0.,0.));
#109 = ORIENTED_EDGE('',*,*,#110,.F.);
#110 = EDGE_CURVE('',#111,#103,#113,.T.);
#111 = VERTEX_POINT('',#112);
#112 = CARTESIAN_POINT('',(53.,0.,0.));
#113 = LINE('',#114,#115);
#114 = CARTESIAN_POINT('',(53.,0.,0.));
#115 = VECTOR('',#116,1.);
#116 = DIRECTION('',(0.,0.,1.));
#117 = ORIENTED_EDGE('',*,*,#118,.F.);
#118 = EDGE_CURVE('',#119,#111,#121,.T.);
#119 = VERTEX_POINT('',#120);
#120 = CARTESIAN_POINT('',(4.,0.,0.));
#121 = LINE('',#122,#123);
#122 = CARTESIAN_POINT('',(0.,0.,0.));
#123 = VECTOR('',#124,1.);
#124 = DIRECTION('',(1.,0.,0.));
#125 = ORIENTED_EDGE('',*,*,#126,.T.);
#126 = EDGE_CURVE('',#119,#127,#129,.T.);
#127 = VERTEX_POINT('',#128);
#128 = CARTESIAN_POINT('',(4.,0.,2.2));
#129 = LINE('',#130,#131);
#130 = CARTESIAN_POINT('',(4.,0.,0.));
#131 = VECTOR('',#132,1.);
#132 = DIRECTION('',(0.,0.,1.));
#133 = ORIENTED_EDGE('',*,*,#134,.F.);
#134 = EDGE_CURVE('',#135,#127,#137,.T.);
#135 = VERTEX_POINT('',#136);
#136 = CARTESIAN_POINT('',(2.,0.,2.2));
#137 = LINE('',#138,#139);
#138 = CARTESIAN_POINT('',(2.,0.,2.2));
#139 = VECTOR('',#140,1.);
#140 = DIRECTION('',(1.,0.,0.));
#141 = ORIENTED_EDGE('',*,*,#142,.F.);
#142 = EDGE_CURVE('',#62,#135,#143,.T.);
#143 = LINE('',#144,#145);
#144 = CARTESIAN_POINT('',(2.,0.,0.));
#145 = VECTOR('',#146,1.);
#146 = DIRECTION('',(0.,0.,1.));
#147 = FACE_BOUND('',#148,.F.);
#148 = EDGE_LOOP('',(#149,#159,#167,#175));
#149 = ORIENTED_EDGE('',*,*,#150,.F.);
#150 = EDGE_CURVE('',#151,#153,#155,.T.);
#151 = VERTEX_POINT('',#152);
#152 = CARTESIAN_POINT('',(7.5,0.,5.5));
#153 = VERTEX_POINT('',#154);
#154 = CARTESIAN_POINT('',(7.5,0.,12.));
#155 = LINE('',#156,#157);
#156 = CARTESIAN_POINT('',(7.5,0.,5.5));
#157 = VECTOR('',#158,1.);
#158 = DIRECTION('',(0.,0.,1.));
#159 = ORIENTED_EDGE('',*,*,#160,.T.);
#160 = EDGE_CURVE('',#151,#161,#163,.T.);
#161 = VERTEX_POINT('',#162);
#162 = CARTESIAN_POINT('',(29.5,0.,5.5));
#163 = LINE('',#164,#165);
#164 = CARTESIAN_POINT('',(7.5,0.,5.5));
#165 = VECTOR('',#166,1.);
#166 = DIRECTION('',(1.,0.,0.));
#167 = ORIENTED_EDGE('',*,*,#168,.T.);
#168 = EDGE_CURVE('',#161,#169,#171,.T.);
#169 = VERTEX_POINT('',#170);
#170 = CARTESIAN_POINT('',(29.5,0.,12.));
#171 = LINE('',#172,#173);
#172 = CARTESIAN_POINT('',(29.5,0.,5.5));
#173 = VECTOR('',#174,1.);
#174 = DIRECTION('',(0.,0.,1.));
#175 = ORIENTED_EDGE('',*,*,#176,.F.);
#176 = EDGE_CURVE('',#153,#169,#177,.T.);
#177 = LINE('',#178,#179);
#178 = CARTESIAN_POINT('',(7.5,0.,12.));
#179 = VECTOR('',#180,1.);
#180 = DIRECTION('',(1.,0.,0.));
#181 = PLANE('',#182);
#182 = AXIS2_PLACEMENT_3D('',#183,#184,#185);
#183 = CARTESIAN_POINT('',(0.,0.,0.));
#184 = DIRECTION('',(0.,1.,0.));
#185 = DIRECTION('',(0.,0.,1.));
#186 = ADVANCED_FACE('',(#187,#205),#216,.T.);
#187 = FACE_BOUND('',#188,.T.);
#188 = EDGE_LOOP('',(#189,#190,#191,#199));
#189 = ORIENTED_EDGE('',*,*,#47,.F.);
#190 = ORIENTED_EDGE('',*,*,#70,.T.);
#191 = ORIENTED_EDGE('',*,*,#192,.T.);
#192 = EDGE_CURVE('',#71,#193,#195,.T.);
#193 = VERTEX_POINT('',#194);
#194 = CARTESIAN_POINT('',(57.,74.,22.));
#195 = LINE('',#196,#197);
#196 = CARTESIAN_POINT('',(57.,0.,22.));
#197 = VECTOR('',#198,1.);
#198 = DIRECTION('',(0.,1.,0.));
#199 = ORIENTED_EDGE('',*,*,#200,.F.);
#200 = EDGE_CURVE('',#40,#193,#201,.T.);
#201 = LINE('',#202,#203);
#202 = CARTESIAN_POINT('',(0.,74.,22.));
#203 = VECTOR('',#204,1.);
#204 = DIRECTION('',(1.,0.,0.));
#205 = FACE_BOUND('',#206,.T.);
#206 = EDGE_LOOP('',(#207));
#207 = ORIENTED_EDGE('',*,*,#208,.F.);
#208 = EDGE_CURVE('',#209,#209,#211,.T.);
#209 = VERTEX_POINT('',#210);
#210 = CARTESIAN_POINT('',(22.5,45.16,22.));
#211 = CIRCLE('',#212,4.);
#212 = AXIS2_PLACEMENT_3D('',#213,#214,#215);
#213 = CARTESIAN_POINT('',(18.5,45.16,22.));
#214 = DIRECTION('',(0.,0.,1.));
#215 = DIRECTION('',(1.,0.,0.));
#216 = PLANE('',#217);
#217 = AXIS2_PLACEMENT_3D('',#218,#219,#220);
#218 = CARTESIAN_POINT('',(0.,0.,22.));
#219 = DIRECTION('',(0.,0.,1.));
#220 = DIRECTION('',(1.,0.,0.));
#221 = ADVANCED_FACE('',(#222),#272,.T.);
#222 = FACE_BOUND('',#223,.T.);
#223 = EDGE_LOOP('',(#224,#232,#233,#234,#242,#250,#258,#266));
#224 = ORIENTED_EDGE('',*,*,#225,.F.);
#225 = EDGE_CURVE('',#32,#226,#228,.T.);
#226 = VERTEX_POINT('',#227);
#227 = CARTESIAN_POINT('',(2.,74.,0.));
#228 = LINE('',#229,#230);
#229 = CARTESIAN_POINT('',(0.,74.,0.));
#230 = VECTOR('',#231,1.);
#231 = DIRECTION('',(1.,0.,0.));
#232 = ORIENTED_EDGE('',*,*,#39,.T.);
#233 = ORIENTED_EDGE('',*,*,#200,.T.);
#234 = ORIENTED_EDGE('',*,*,#235,.F.);
#235 = EDGE_CURVE('',#236,#193,#238,.T.);
#236 = VERTEX_POINT('',#237);
#237 = CARTESIAN_POINT('',(57.,74.,0.));
#238 = LINE('',#239,#240);
#239 = CARTESIAN_POINT('',(57.,74.,0.));
#240 = VECTOR('',#241,1.);
#241 = DIRECTION('',(0.,0.,1.));
#242 = ORIENTED_EDGE('',*,*,#243,.F.);
#243 = EDGE_CURVE('',#244,#236,#246,.T.);
#244 = VERTEX_POINT('',#245);
#245 = CARTESIAN_POINT('',(55.,74.,0.));
#246 = LINE('',#247,#248);
#247 = CARTESIAN_POINT('',(0.,74.,0.));
#248 = VECTOR('',#249,1.);
#249 = DIRECTION('',(1.,0.,0.));
#250 = ORIENTED_EDGE('',*,*,#251,.T.);
#251 = EDGE_CURVE('',#244,#252,#254,.T.);
#252 = VERTEX_POINT('',#253);
#253 = CARTESIAN_POINT('',(55.,74.,2.2));
#254 = LINE('',#255,#256);
#255 = CARTESIAN_POINT('',(55.,74.,0.));
#256 = VECTOR('',#257,1.);
#257 = DIRECTION('',(0.,0.,1.));
#258 = ORIENTED_EDGE('',*,*,#259,.F.);
#259 = EDGE_CURVE('',#260,#252,#262,.T.);
#260 = VERTEX_POINT('',#261);
#261 = CARTESIAN_POINT('',(2.,74.,2.2));
#262 = LINE('',#263,#264);
#263 = CARTESIAN_POINT('',(53.,74.,2.2));
#264 = VECTOR('',#265,1.);
#265 = DIRECTION('',(1.,0.,0.));
#266 = ORIENTED_EDGE('',*,*,#267,.F.);
#267 = EDGE_CURVE('',#226,#260,#268,.T.);
#268 = LINE('',#269,#270);
#269 = CARTESIAN_POINT('',(2.,74.,0.));
#270 = VECTOR('',#271,1.);
#271 = DIRECTION('',(0.,0.,1.));
#272 = PLANE('',#273);
#273 = AXIS2_PLACEMENT_3D('',#274,#275,#276);
#274 = CARTESIAN_POINT('',(0.,74.,0.));
#275 = DIRECTION('',(0.,1.,0.));
#276 = DIRECTION('',(0.,0.,1.));
#277 = ADVANCED_FACE('',(#278),#303,.T.);
#278 = FACE_BOUND('',#279,.T.);
#279 = EDGE_LOOP('',(#280,#281,#289,#297));
#280 = ORIENTED_EDGE('',*,*,#142,.F.);
#281 = ORIENTED_EDGE('',*,*,#282,.T.);
#282 = EDGE_CURVE('',#62,#283,#285,.T.);
#283 = VERTEX_POINT('',#284);
#284 = CARTESIAN_POINT('',(2.,64.,0.));
#285 = LINE('',#286,#287);
#286 = CARTESIAN_POINT('',(2.,0.,0.));
#287 = VECTOR('',#288,1.);
#288 = DIRECTION('',(0.,1.,0.));
#289 = ORIENTED_EDGE('',*,*,#290,.T.);
#290 = EDGE_CURVE('',#283,#291,#293,.T.);
#291 = VERTEX_POINT('',#292);
#292 = CARTESIAN_POINT('',(2.,64.,2.2));
#293 = LINE('',#294,#295);
#294 = CARTESIAN_POINT('',(2.,64.,0.));
#295 = VECTOR('',#296,1.);
#296 = DIRECTION('',(0.,0.,1.));
#297 = ORIENTED_EDGE('',*,*,#298,.F.);
#298 = EDGE_CURVE('',#135,#291,#299,.T.);
#299 = LINE('',#300,#301);
#300 = CARTESIAN_POINT('',(2.,0.,2.2));
#301 = VECTOR('',#302,1.);
#302 = DIRECTION('',(0.,1.,0.));
#303 = PLANE('',#304);
#304 = AXIS2_PLACEMENT_3D('',#305,#306,#307);
#305 = CARTESIAN_POINT('',(2.,0.,0.));
#306 = DIRECTION('',(1.,0.,0.));
#307 = DIRECTION('',(0.,0.,1.));
#308 = ADVANCED_FACE('',(#309),#320,.T.);
#309 = FACE_BOUND('',#310,.T.);
#310 = EDGE_LOOP('',(#311,#312,#318,#319));
#311 = ORIENTED_EDGE('',*,*,#78,.F.);
#312 = ORIENTED_EDGE('',*,*,#313,.T.);
#313 = EDGE_CURVE('',#79,#236,#314,.T.);
#314 = LINE('',#315,#316);
#315 = CARTESIAN_POINT('',(57.,0.,0.));
#316 = VECTOR('',#317,1.);
#317 = DIRECTION('',(0.,1.,0.));
#318 = ORIENTED_EDGE('',*,*,#235,.T.);
#319 = ORIENTED_EDGE('',*,*,#192,.F.);
#320 = PLANE('',#321);
#321 = AXIS2_PLACEMENT_3D('',#322,#323,#324);
#322 = CARTESIAN_POINT('',(57.,0.,0.));
#323 = DIRECTION('',(1.,0.,0.));
#324 = DIRECTION('',(0.,0.,1.));
#325 = ADVANCED_FACE('',(#326),#351,.F.);
#326 = FACE_BOUND('',#327,.F.);
#327 = EDGE_LOOP('',(#328,#329,#337,#345));
#328 = ORIENTED_EDGE('',*,*,#126,.F.);
#329 = ORIENTED_EDGE('',*,*,#330,.T.);
#330 = EDGE_CURVE('',#119,#331,#333,.T.);
#331 = VERTEX_POINT('',#332);
#332 = CARTESIAN_POINT('',(4.,2.,0.));
#333 = LINE('',#334,#335);
#334 = CARTESIAN_POINT('',(4.,0.,0.));
#335 = VECTOR('',#336,1.);
#336 = DIRECTION('',(0.,1.,0.));
#337 = ORIENTED_EDGE('',*,*,#338,.T.);
#338 = EDGE_CURVE('',#331,#339,#341,.T.);
#339 = VERTEX_POINT('',#340);
#340 = CARTESIAN_POINT('',(4.,2.,2.2));
#341 = LINE('',#342,#343);
#342 = CARTESIAN_POINT('',(4.,2.,0.));
#343 = VECTOR('',#344,1.);
#344 = DIRECTION('',(0.,0.,1.));
#345 = ORIENTED_EDGE('',*,*,#346,.F.);
#346 = EDGE_CURVE('',#127,#339,#347,.T.);
#347 = LINE('',#348,#349);
#348 = CARTESIAN_POINT('',(4.,0.,2.2));
#349 = VECTOR('',#350,1.);
#350 = DIRECTION('',(0.,1.,0.));
#351 = PLANE('',#352);
#352 = AXIS2_PLACEMENT_3D('',#353,#354,#355);
#353 = CARTESIAN_POINT('',(4.,0.,0.));
#354 = DIRECTION('',(1.,0.,0.));
#355 = DIRECTION('',(0.,0.,1.));
#356 = ADVANCED_FACE('',(#357),#375,.F.);
#357 = FACE_BOUND('',#358,.F.);
#358 = EDGE_LOOP('',(#359,#367,#373,#374));
#359 = ORIENTED_EDGE('',*,*,#360,.T.);
#360 = EDGE_CURVE('',#111,#361,#363,.T.);
#361 = VERTEX_POINT('',#362);
#362 = CARTESIAN_POINT('',(53.,2.,0.));
#363 = LINE('',#364,#365);
#364 = CARTESIAN_POINT('',(53.,0.,0.));
#365 = VECTOR('',#366,1.);
#366 = DIRECTION('',(0.,1.,0.));
#367 = ORIENTED_EDGE('',*,*,#368,.F.);
#368 = EDGE_CURVE('',#331,#361,#369,.T.);
#369 = LINE('',#370,#371);
#370 = CARTESIAN_POINT('',(4.,2.,0.));
#371 = VECTOR('',#372,1.);
#372 = DIRECTION('',(1.,0.,0.));
#373 = ORIENTED_EDGE('',*,*,#330,.F.);
#374 = ORIENTED_EDGE('',*,*,#118,.T.);
#375 = PLANE('',#376);
#376 = AXIS2_PLACEMENT_3D('',#377,#378,#379);
#377 = CARTESIAN_POINT('',(0.,0.,0.));
#378 = DIRECTION('',(0.,0.,1.));
#379 = DIRECTION('',(1.,0.,0.));
#380 = ADVANCED_FACE('',(#381),#406,.F.);
#381 = FACE_BOUND('',#382,.F.);
#382 = EDGE_LOOP('',(#383,#384,#392,#400));
#383 = ORIENTED_EDGE('',*,*,#94,.F.);
#384 = ORIENTED_EDGE('',*,*,#385,.T.);
#385 = EDGE_CURVE('',#87,#386,#388,.T.);
#386 = VERTEX_POINT('',#387);
#387 = CARTESIAN_POINT('',(55.,64.,0.));
#388 = LINE('',#389,#390);
#389 = CARTESIAN_POINT('',(55.,0.,0.));
#390 = VECTOR('',#391,1.);
#391 = DIRECTION('',(0.,1.,0.));
#392 = ORIENTED_EDGE('',*,*,#393,.T.);
#393 = EDGE_CURVE('',#386,#394,#396,.T.);
#394 = VERTEX_POINT('',#395);
#395 = CARTESIAN_POINT('',(55.,64.,2.2));
#396 = LINE('',#397,#398);
#397 = CARTESIAN_POINT('',(55.,64.,0.));
#398 = VECTOR('',#399,1.);
#399 = DIRECTION('',(0.,0.,1.));
#400 = ORIENTED_EDGE('',*,*,#401,.F.);
#401 = EDGE_CURVE('',#95,#394,#402,.T.);
#402 = LINE('',#403,#404);
#403 = CARTESIAN_POINT('',(55.,0.,2.2));
#404 = VECTOR('',#405,1.);
#405 = DIRECTION('',(0.,1.,0.));
#406 = PLANE('',#407);
#407 = AXIS2_PLACEMENT_3D('',#408,#409,#410);
#408 = CARTESIAN_POINT('',(55.,0.,0.));
#409 = DIRECTION('',(1.,0.,0.));
#410 = DIRECTION('',(0.,0.,1.));
#411 = ADVANCED_FACE('',(#412),#430,.T.);
#412 = FACE_BOUND('',#413,.T.);
#413 = EDGE_LOOP('',(#414,#415,#416,#424));
#414 = ORIENTED_EDGE('',*,*,#110,.F.);
#415 = ORIENTED_EDGE('',*,*,#360,.T.);
#416 = ORIENTED_EDGE('',*,*,#417,.T.);
#417 = EDGE_CURVE('',#361,#418,#420,.T.);
#418 = VERTEX_POINT('',#419);
#419 = CARTESIAN_POINT('',(53.,2.,2.2));
#420 = LINE('',#421,#422);
#421 = CARTESIAN_POINT('',(53.,2.,0.));
#422 = VECTOR('',#423,1.);
#423 = DIRECTION('',(0.,0.,1.));
#424 = ORIENTED_EDGE('',*,*,#425,.F.);
#425 = EDGE_CURVE('',#103,#418,#426,.T.);
#426 = LINE('',#427,#428);
#427 = CARTESIAN_POINT('',(53.,0.,2.2));
#428 = VECTOR('',#429,1.);
#429 = DIRECTION('',(0.,1.,0.));
#430 = PLANE('',#431);
#431 = AXIS2_PLACEMENT_3D('',#432,#433,#434);
#432 = CARTESIAN_POINT('',(53.,0.,0.));
#433 = DIRECTION('',(1.,0.,0.));
#434 = DIRECTION('',(0.,0.,1.));
#435 = ADVANCED_FACE('',(#436),#461,.T.);
#436 = FACE_BOUND('',#437,.T.);
#437 = EDGE_LOOP('',(#438,#439,#447,#455));
#438 = ORIENTED_EDGE('',*,*,#150,.F.);
#439 = ORIENTED_EDGE('',*,*,#440,.T.);
#440 = EDGE_CURVE('',#151,#441,#443,.T.);
#441 = VERTEX_POINT('',#442);
#442 = CARTESIAN_POINT('',(7.5,2.,5.5));
#443 = LINE('',#444,#445);
#444 = CARTESIAN_POINT('',(7.5,0.,5.5));
#445 = VECTOR('',#446,1.);
#446 = DIRECTION('',(0.,1.,0.));
#447 = ORIENTED_EDGE('',*,*,#448,.T.);
#448 = EDGE_CURVE('',#441,#449,#451,.T.);
#449 = VERTEX_POINT('',#450);
#450 = CARTESIAN_POINT('',(7.5,2.,12.));
#451 = LINE('',#452,#453);
#452 = CARTESIAN_POINT('',(7.5,2.,5.5));
#453 = VECTOR('',#454,1.);
#454 = DIRECTION('',(0.,0.,1.));
#455 = ORIENTED_EDGE('',*,*,#456,.F.);
#456 = EDGE_CURVE('',#153,#449,#457,.T.);
#457 = LINE('',#458,#459);
#458 = CARTESIAN_POINT('',(7.5,0.,12.));
#459 = VECTOR('',#460,1.);
#460 = DIRECTION('',(0.,1.,0.));
#461 = PLANE('',#462);
#462 = AXIS2_PLACEMENT_3D('',#463,#464,#465);
#463 = CARTESIAN_POINT('',(7.5,0.,5.5));
#464 = DIRECTION('',(1.,0.,0.));
#465 = DIRECTION('',(0.,0.,1.));
#466 = ADVANCED_FACE('',(#467),#485,.F.);
#467 = FACE_BOUND('',#468,.F.);
#468 = EDGE_LOOP('',(#469,#470,#471,#479));
#469 = ORIENTED_EDGE('',*,*,#456,.F.);
#470 = ORIENTED_EDGE('',*,*,#176,.T.);
#471 = ORIENTED_EDGE('',*,*,#472,.T.);
#472 = EDGE_CURVE('',#169,#473,#475,.T.);
#473 = VERTEX_POINT('',#474);
#474 = CARTESIAN_POINT('',(29.5,2.,12.));
#475 = LINE('',#476,#477);
#476 = CARTESIAN_POINT('',(29.5,0.,12.));
#477 = VECTOR('',#478,1.);
#478 = DIRECTION('',(0.,1.,0.));
#479 = ORIENTED_EDGE('',*,*,#480,.F.);
#480 = EDGE_CURVE('',#449,#473,#481,.T.);
#481 = LINE('',#482,#483);
#482 = CARTESIAN_POINT('',(7.5,2.,12.));
#483 = VECTOR('',#484,1.);
#484 = DIRECTION('',(1.,0.,0.));
#485 = PLANE('',#486);
#486 = AXIS2_PLACEMENT_3D('',#487,#488,#489);
#487 = CARTESIAN_POINT('',(7.5,0.,12.));
#488 = DIRECTION('',(0.,0.,1.));
#489 = DIRECTION('',(1.,0.,0.));
#490 = ADVANCED_FACE('',(#491),#509,.F.);
#491 = FACE_BOUND('',#492,.F.);
#492 = EDGE_LOOP('',(#493,#494,#502,#508));
#493 = ORIENTED_EDGE('',*,*,#168,.F.);
#494 = ORIENTED_EDGE('',*,*,#495,.T.);
#495 = EDGE_CURVE('',#161,#496,#498,.T.);
#496 = VERTEX_POINT('',#497);
#497 = CARTESIAN_POINT('',(29.5,2.,5.5));
#498 = LINE('',#499,#500);
#499 = CARTESIAN_POINT('',(29.5,0.,5.5));
#500 = VECTOR('',#501,1.);
#501 = DIRECTION('',(0.,1.,0.));
#502 = ORIENTED_EDGE('',*,*,#503,.T.);
#503 = EDGE_CURVE('',#496,#473,#504,.T.);
#504 = LINE('',#505,#506);
#505 = CARTESIAN_POINT('',(29.5,2.,5.5));
#506 = VECTOR('',#507,1.);
#507 = DIRECTION('',(0.,0.,1.));
#508 = ORIENTED_EDGE('',*,*,#472,.F.);
#509 = PLANE('',#510);
#510 = AXIS2_PLACEMENT_3D('',#511,#512,#513);
#511 = CARTESIAN_POINT('',(29.5,0.,5.5));
#512 = DIRECTION('',(1.,0.,0.));
#513 = DIRECTION('',(0.,0.,1.));
#514 = ADVANCED_FACE('',(#515),#526,.T.);
#515 = FACE_BOUND('',#516,.T.);
#516 = EDGE_LOOP('',(#517,#518,#519,#520));
#517 = ORIENTED_EDGE('',*,*,#440,.F.);
#518 = ORIENTED_EDGE('',*,*,#160,.T.);
#519 = ORIENTED_EDGE('',*,*,#495,.T.);
#520 = ORIENTED_EDGE('',*,*,#521,.F.);
#521 = EDGE_CURVE('',#441,#496,#522,.T.);
#522 = LINE('',#523,#524);
#523 = CARTESIAN_POINT('',(7.5,2.,5.5));
#524 = VECTOR('',#525,1.);
#525 = DIRECTION('',(1.,0.,0.));
#526 = PLANE('',#527);
#527 = AXIS2_PLACEMENT_3D('',#528,#529,#530);
#528 = CARTESIAN_POINT('',(7.5,0.,5.5));
#529 = DIRECTION('',(0.,0.,1.));
#530 = DIRECTION('',(1.,0.,0.));
#531 = ADVANCED_FACE('',(#532),#551,.F.);
#532 = FACE_BOUND('',#533,.F.);
#533 = EDGE_LOOP('',(#534,#535,#543,#550));
#534 = ORIENTED_EDGE('',*,*,#208,.F.);
#535 = ORIENTED_EDGE('',*,*,#536,.F.);
#536 = EDGE_CURVE('',#537,#209,#539,.T.);
#537 = VERTEX_POINT('',#538);
#538 = CARTESIAN_POINT('',(24.5,45.16,20.8));
#539 = LINE('',#540,#541);
#540 = CARTESIAN_POINT('',(24.5,45.16,20.8));
#541 = VECTOR('',#542,1.);
#542 = DIRECTION('',(-0.857492925713,2.100251933531E-16,0.514495755428)
  );
#543 = ORIENTED_EDGE('',*,*,#544,.T.);
#544 = EDGE_CURVE('',#537,#537,#545,.T.);
#545 = CIRCLE('',#546,6.);
#546 = AXIS2_PLACEMENT_3D('',#547,#548,#549);
#547 = CARTESIAN_POINT('',(18.5,45.16,20.8));
#548 = DIRECTION('',(0.,0.,1.));
#549 = DIRECTION('',(1.,0.,0.));
#550 = ORIENTED_EDGE('',*,*,#536,.T.);
#551 = CONICAL_SURFACE('',#552,6.,1.030376826524);
#552 = AXIS2_PLACEMENT_3D('',#553,#554,#555);
#553 = CARTESIAN_POINT('',(18.5,45.16,20.8));
#554 = DIRECTION('',(-0.,-0.,-1.));
#555 = DIRECTION('',(1.,0.,0.));
#556 = ADVANCED_FACE('',(#557),#582,.T.);
#557 = FACE_BOUND('',#558,.T.);
#558 = EDGE_LOOP('',(#559,#569,#575,#576));
#559 = ORIENTED_EDGE('',*,*,#560,.F.);
#560 = EDGE_CURVE('',#561,#563,#565,.T.);
#561 = VERTEX_POINT('',#562);
#562 = CARTESIAN_POINT('',(2.,68.,0.));
#563 = VERTEX_POINT('',#564);
#564 = CARTESIAN_POINT('',(2.,68.,2.2));
#565 = LINE('',#566,#567);
#566 = CARTESIAN_POINT('',(2.,68.,0.));
#567 = VECTOR('',#568,1.);
#568 = DIRECTION('',(0.,0.,1.));
#569 = ORIENTED_EDGE('',*,*,#570,.T.);
#570 = EDGE_CURVE('',#561,#226,#571,.T.);
#571 = LINE('',#572,#573);
#572 = CARTESIAN_POINT('',(2.,0.,0.));
#573 = VECTOR('',#574,1.);
#574 = DIRECTION('',(0.,1.,0.));
#575 = ORIENTED_EDGE('',*,*,#267,.T.);
#576 = ORIENTED_EDGE('',*,*,#577,.F.);
#577 = EDGE_CURVE('',#563,#260,#578,.T.);
#578 = LINE('',#579,#580);
#579 = CARTESIAN_POINT('',(2.,0.,2.2));
#580 = VECTOR('',#581,1.);
#581 = DIRECTION('',(0.,1.,0.));
#582 = PLANE('',#583);
#583 = AXIS2_PLACEMENT_3D('',#584,#585,#586);
#584 = CARTESIAN_POINT('',(2.,0.,0.));
#585 = DIRECTION('',(1.,0.,0.));
#586 = DIRECTION('',(0.,0.,1.));
#587 = ADVANCED_FACE('',(#588),#613,.F.);
#588 = FACE_BOUND('',#589,.F.);
#589 = EDGE_LOOP('',(#590,#600,#606,#607));
#590 = ORIENTED_EDGE('',*,*,#591,.F.);
#591 = EDGE_CURVE('',#592,#594,#596,.T.);
#592 = VERTEX_POINT('',#593);
#593 = CARTESIAN_POINT('',(55.,68.,0.));
#594 = VERTEX_POINT('',#595);
#595 = CARTESIAN_POINT('',(55.,68.,2.2));
#596 = LINE('',#597,#598);
#597 = CARTESIAN_POINT('',(55.,68.,0.));
#598 = VECTOR('',#599,1.);
#599 = DIRECTION('',(0.,0.,1.));
#600 = ORIENTED_EDGE('',*,*,#601,.T.);
#601 = EDGE_CURVE('',#592,#244,#602,.T.);
#602 = LINE('',#603,#604);
#603 = CARTESIAN_POINT('',(55.,0.,0.));
#604 = VECTOR('',#605,1.);
#605 = DIRECTION('',(0.,1.,0.));
#606 = ORIENTED_EDGE('',*,*,#251,.T.);
#607 = ORIENTED_EDGE('',*,*,#608,.F.);
#608 = EDGE_CURVE('',#594,#252,#609,.T.);
#609 = LINE('',#610,#611);
#610 = CARTESIAN_POINT('',(55.,0.,2.2));
#611 = VECTOR('',#612,1.);
#612 = DIRECTION('',(0.,1.,0.));
#613 = PLANE('',#614);
#614 = AXIS2_PLACEMENT_3D('',#615,#616,#617);
#615 = CARTESIAN_POINT('',(55.,0.,0.));
#616 = DIRECTION('',(1.,0.,0.));
#617 = DIRECTION('',(0.,0.,1.));
#618 = ADVANCED_FACE('',(#619),#644,.F.);
#619 = FACE_BOUND('',#620,.F.);
#620 = EDGE_LOOP('',(#621,#629,#630,#638));
#621 = ORIENTED_EDGE('',*,*,#622,.F.);
#622 = EDGE_CURVE('',#283,#623,#625,.T.);
#623 = VERTEX_POINT('',#624);
#624 = CARTESIAN_POINT('',(2.5,64.,0.));
#625 = LINE('',#626,#627);
#626 = CARTESIAN_POINT('',(2.,64.,0.));
#627 = VECTOR('',#628,1.);
#628 = DIRECTION('',(1.,0.,0.));
#629 = ORIENTED_EDGE('',*,*,#290,.T.);
#630 = ORIENTED_EDGE('',*,*,#631,.T.);
#631 = EDGE_CURVE('',#291,#632,#634,.T.);
#632 = VERTEX_POINT('',#633);
#633 = CARTESIAN_POINT('',(2.5,64.,2.2));
#634 = LINE('',#635,#636);
#635 = CARTESIAN_POINT('',(2.,64.,2.2));
#636 = VECTOR('',#637,1.);
#637 = DIRECTION('',(1.,0.,0.));
#638 = ORIENTED_EDGE('',*,*,#639,.F.);
#639 = EDGE_CURVE('',#623,#632,#640,.T.);
#640 = LINE('',#641,#642);
#641 = CARTESIAN_POINT('',(2.5,64.,0.));
#642 = VECTOR('',#643,1.);
#643 = DIRECTION('',(0.,0.,1.));
#644 = PLANE('',#645);
#645 = AXIS2_PLACEMENT_3D('',#646,#647,#648);
#646 = CARTESIAN_POINT('',(2.,64.,0.));
#647 = DIRECTION('',(0.,1.,0.));
#648 = DIRECTION('',(0.,0.,1.));
#649 = ADVANCED_FACE('',(#650),#675,.T.);
#650 = FACE_BOUND('',#651,.T.);
#651 = EDGE_LOOP('',(#652,#653,#661,#669));
#652 = ORIENTED_EDGE('',*,*,#639,.F.);
#653 = ORIENTED_EDGE('',*,*,#654,.T.);
#654 = EDGE_CURVE('',#623,#655,#657,.T.);
#655 = VERTEX_POINT('',#656);
#656 = CARTESIAN_POINT('',(2.5,68.,0.));
#657 = LINE('',#658,#659);
#658 = CARTESIAN_POINT('',(2.5,64.,0.));
#659 = VECTOR('',#660,1.);
#660 = DIRECTION('',(0.,1.,0.));
#661 = ORIENTED_EDGE('',*,*,#662,.T.);
#662 = EDGE_CURVE('',#655,#663,#665,.T.);
#663 = VERTEX_POINT('',#664);
#664 = CARTESIAN_POINT('',(2.5,68.,2.2));
#665 = LINE('',#666,#667);
#666 = CARTESIAN_POINT('',(2.5,68.,0.));
#667 = VECTOR('',#668,1.);
#668 = DIRECTION('',(0.,0.,1.));
#669 = ORIENTED_EDGE('',*,*,#670,.F.);
#670 = EDGE_CURVE('',#632,#663,#671,.T.);
#671 = LINE('',#672,#673);
#672 = CARTESIAN_POINT('',(2.5,64.,2.2));
#673 = VECTOR('',#674,1.);
#674 = DIRECTION('',(0.,1.,0.));
#675 = PLANE('',#676);
#676 = AXIS2_PLACEMENT_3D('',#677,#678,#679);
#677 = CARTESIAN_POINT('',(2.5,64.,0.));
#678 = DIRECTION('',(1.,0.,0.));
#679 = DIRECTION('',(0.,0.,1.));
#680 = ADVANCED_FACE('',(#681),#697,.T.);
#681 = FACE_BOUND('',#682,.T.);
#682 = EDGE_LOOP('',(#683,#689,#690,#696));
#683 = ORIENTED_EDGE('',*,*,#684,.F.);
#684 = EDGE_CURVE('',#561,#655,#685,.T.);
#685 = LINE('',#686,#687);
#686 = CARTESIAN_POINT('',(2.,68.,0.));
#687 = VECTOR('',#688,1.);
#688 = DIRECTION('',(1.,0.,0.));
#689 = ORIENTED_EDGE('',*,*,#560,.T.);
#690 = ORIENTED_EDGE('',*,*,#691,.T.);
#691 = EDGE_CURVE('',#563,#663,#692,.T.);
#692 = LINE('',#693,#694);
#693 = CARTESIAN_POINT('',(2.,68.,2.2));
#694 = VECTOR('',#695,1.);
#695 = DIRECTION('',(1.,0.,0.));
#696 = ORIENTED_EDGE('',*,*,#662,.F.);
#697 = PLANE('',#698);
#698 = AXIS2_PLACEMENT_3D('',#699,#700,#701);
#699 = CARTESIAN_POINT('',(2.,68.,0.));
#700 = DIRECTION('',(0.,1.,0.));
#701 = DIRECTION('',(0.,0.,1.));
#702 = ADVANCED_FACE('',(#703,#730),#736,.T.);
#703 = FACE_BOUND('',#704,.T.);
#704 = EDGE_LOOP('',(#705,#706,#707,#715,#723,#729));
#705 = ORIENTED_EDGE('',*,*,#368,.F.);
#706 = ORIENTED_EDGE('',*,*,#338,.T.);
#707 = ORIENTED_EDGE('',*,*,#708,.T.);
#708 = EDGE_CURVE('',#339,#709,#711,.T.);
#709 = VERTEX_POINT('',#710);
#710 = CARTESIAN_POINT('',(4.,2.,20.));
#711 = LINE('',#712,#713);
#712 = CARTESIAN_POINT('',(4.,2.,0.));
#713 = VECTOR('',#714,1.);
#714 = DIRECTION('',(0.,0.,1.));
#715 = ORIENTED_EDGE('',*,*,#716,.T.);
#716 = EDGE_CURVE('',#709,#717,#719,.T.);
#717 = VERTEX_POINT('',#718);
#718 = CARTESIAN_POINT('',(53.,2.,20.));
#719 = LINE('',#720,#721);
#720 = CARTESIAN_POINT('',(4.,2.,20.));
#721 = VECTOR('',#722,1.);
#722 = DIRECTION('',(1.,0.,0.));
#723 = ORIENTED_EDGE('',*,*,#724,.F.);
#724 = EDGE_CURVE('',#418,#717,#725,.T.);
#725 = LINE('',#726,#727);
#726 = CARTESIAN_POINT('',(53.,2.,0.));
#727 = VECTOR('',#728,1.);
#728 = DIRECTION('',(0.,0.,1.));
#729 = ORIENTED_EDGE('',*,*,#417,.F.);
#730 = FACE_BOUND('',#731,.T.);
#731 = EDGE_LOOP('',(#732,#733,#734,#735));
#732 = ORIENTED_EDGE('',*,*,#448,.F.);
#733 = ORIENTED_EDGE('',*,*,#521,.T.);
#734 = ORIENTED_EDGE('',*,*,#503,.T.);
#735 = ORIENTED_EDGE('',*,*,#480,.F.);
#736 = PLANE('',#737);
#737 = AXIS2_PLACEMENT_3D('',#738,#739,#740);
#738 = CARTESIAN_POINT('',(4.,2.,0.));
#739 = DIRECTION('',(0.,1.,0.));
#740 = DIRECTION('',(0.,0.,1.));
#741 = ADVANCED_FACE('',(#742,#767),#865,.T.);
#742 = FACE_BOUND('',#743,.T.);
#743 = EDGE_LOOP('',(#744,#745,#753,#761));
#744 = ORIENTED_EDGE('',*,*,#708,.F.);
#745 = ORIENTED_EDGE('',*,*,#746,.T.);
#746 = EDGE_CURVE('',#339,#747,#749,.T.);
#747 = VERTEX_POINT('',#748);
#748 = CARTESIAN_POINT('',(4.,72.,2.2));
#749 = LINE('',#750,#751);
#750 = CARTESIAN_POINT('',(4.,0.,2.2));
#751 = VECTOR('',#752,1.);
#752 = DIRECTION('',(0.,1.,0.));
#753 = ORIENTED_EDGE('',*,*,#754,.T.);
#754 = EDGE_CURVE('',#747,#755,#757,.T.);
#755 = VERTEX_POINT('',#756);
#756 = CARTESIAN_POINT('',(4.,72.,20.));
#757 = LINE('',#758,#759);
#758 = CARTESIAN_POINT('',(4.,72.,0.));
#759 = VECTOR('',#760,1.);
#760 = DIRECTION('',(0.,0.,1.));
#761 = ORIENTED_EDGE('',*,*,#762,.F.);
#762 = EDGE_CURVE('',#709,#755,#763,.T.);
#763 = LINE('',#764,#765);
#764 = CARTESIAN_POINT('',(4.,2.,20.));
#765 = VECTOR('',#766,1.);
#766 = DIRECTION('',(0.,1.,0.));
#767 = FACE_BOUND('',#768,.T.);
#768 = EDGE_LOOP('',(#769,#779,#787,#795,#803,#811,#819,#827,#835,#843,
    #851,#859));
#769 = ORIENTED_EDGE('',*,*,#770,.F.);
#770 = EDGE_CURVE('',#771,#773,#775,.T.);
#771 = VERTEX_POINT('',#772);
#772 = CARTESIAN_POINT('',(4.,3.,5.));
#773 = VERTEX_POINT('',#774);
#774 = CARTESIAN_POINT('',(4.,71.,5.));
#775 = LINE('',#776,#777);
#776 = CARTESIAN_POINT('',(4.,3.,5.));
#777 = VECTOR('',#778,1.);
#778 = DIRECTION('',(0.,1.,0.));
#779 = ORIENTED_EDGE('',*,*,#780,.T.);
#780 = EDGE_CURVE('',#771,#781,#783,.T.);
#781 = VERTEX_POINT('',#782);
#782 = CARTESIAN_POINT('',(4.,3.,6.));
#783 = LINE('',#784,#785);
#784 = CARTESIAN_POINT('',(4.,3.,5.));
#785 = VECTOR('',#786,1.);
#786 = DIRECTION('',(0.,0.,1.));
#787 = ORIENTED_EDGE('',*,*,#788,.T.);
#788 = EDGE_CURVE('',#781,#789,#791,.T.);
#789 = VERTEX_POINT('',#790);
#790 = CARTESIAN_POINT('',(4.,15.,6.));
#791 = LINE('',#792,#793);
#792 = CARTESIAN_POINT('',(4.,3.,6.));
#793 = VECTOR('',#794,1.);
#794 = DIRECTION('',(0.,1.,0.));
#795 = ORIENTED_EDGE('',*,*,#796,.T.);
#796 = EDGE_CURVE('',#789,#797,#799,.T.);
#797 = VERTEX_POINT('',#798);
#798 = CARTESIAN_POINT('',(4.,15.,8.3));
#799 = LINE('',#800,#801);
#800 = CARTESIAN_POINT('',(4.,15.,6.));
#801 = VECTOR('',#802,1.);
#802 = DIRECTION('',(0.,0.,1.));
#803 = ORIENTED_EDGE('',*,*,#804,.T.);
#804 = EDGE_CURVE('',#797,#805,#807,.T.);
#805 = VERTEX_POINT('',#806);
#806 = CARTESIAN_POINT('',(4.,19.,8.3));
#807 = LINE('',#808,#809);
#808 = CARTESIAN_POINT('',(4.,15.,8.3));
#809 = VECTOR('',#810,1.);
#810 = DIRECTION('',(0.,1.,0.));
#811 = ORIENTED_EDGE('',*,*,#812,.F.);
#812 = EDGE_CURVE('',#813,#805,#815,.T.);
#813 = VERTEX_POINT('',#814);
#814 = CARTESIAN_POINT('',(4.,19.,6.));
#815 = LINE('',#816,#817);
#816 = CARTESIAN_POINT('',(4.,19.,6.));
#817 = VECTOR('',#818,1.);
#818 = DIRECTION('',(0.,0.,1.));
#819 = ORIENTED_EDGE('',*,*,#820,.T.);
#820 = EDGE_CURVE('',#813,#821,#823,.T.);
#821 = VERTEX_POINT('',#822);
#822 = CARTESIAN_POINT('',(4.,55.,6.));
#823 = LINE('',#824,#825);
#824 = CARTESIAN_POINT('',(4.,3.,6.));
#825 = VECTOR('',#826,1.);
#826 = DIRECTION('',(0.,1.,0.));
#827 = ORIENTED_EDGE('',*,*,#828,.T.);
#828 = EDGE_CURVE('',#821,#829,#831,.T.);
#829 = VERTEX_POINT('',#830);
#830 = CARTESIAN_POINT('',(4.,55.,8.3));
#831 = LINE('',#832,#833);
#832 = CARTESIAN_POINT('',(4.,55.,6.));
#833 = VECTOR('',#834,1.);
#834 = DIRECTION('',(0.,0.,1.));
#835 = ORIENTED_EDGE('',*,*,#836,.T.);
#836 = EDGE_CURVE('',#829,#837,#839,.T.);
#837 = VERTEX_POINT('',#838);
#838 = CARTESIAN_POINT('',(4.,59.,8.3));
#839 = LINE('',#840,#841);
#840 = CARTESIAN_POINT('',(4.,55.,8.3));
#841 = VECTOR('',#842,1.);
#842 = DIRECTION('',(0.,1.,0.));
#843 = ORIENTED_EDGE('',*,*,#844,.F.);
#844 = EDGE_CURVE('',#845,#837,#847,.T.);
#845 = VERTEX_POINT('',#846);
#846 = CARTESIAN_POINT('',(4.,59.,6.));
#847 = LINE('',#848,#849);
#848 = CARTESIAN_POINT('',(4.,59.,6.));
#849 = VECTOR('',#850,1.);
#850 = DIRECTION('',(0.,0.,1.));
#851 = ORIENTED_EDGE('',*,*,#852,.T.);
#852 = EDGE_CURVE('',#845,#853,#855,.T.);
#853 = VERTEX_POINT('',#854);
#854 = CARTESIAN_POINT('',(4.,71.,6.));
#855 = LINE('',#856,#857);
#856 = CARTESIAN_POINT('',(4.,3.,6.));
#857 = VECTOR('',#858,1.);
#858 = DIRECTION('',(0.,1.,0.));
#859 = ORIENTED_EDGE('',*,*,#860,.F.);
#860 = EDGE_CURVE('',#773,#853,#861,.T.);
#861 = LINE('',#862,#863);
#862 = CARTESIAN_POINT('',(4.,71.,5.));
#863 = VECTOR('',#864,1.);
#864 = DIRECTION('',(0.,0.,1.));
#865 = PLANE('',#866);
#866 = AXIS2_PLACEMENT_3D('',#867,#868,#869);
#867 = CARTESIAN_POINT('',(4.,2.,0.));
#868 = DIRECTION('',(1.,0.,0.));
#869 = DIRECTION('',(0.,0.,1.));
#870 = ADVANCED_FACE('',(#871),#896,.F.);
#871 = FACE_BOUND('',#872,.F.);
#872 = EDGE_LOOP('',(#873,#881,#889,#895));
#873 = ORIENTED_EDGE('',*,*,#874,.F.);
#874 = EDGE_CURVE('',#875,#386,#877,.T.);
#875 = VERTEX_POINT('',#876);
#876 = CARTESIAN_POINT('',(54.5,64.,0.));
#877 = LINE('',#878,#879);
#878 = CARTESIAN_POINT('',(54.5,64.,0.));
#879 = VECTOR('',#880,1.);
#880 = DIRECTION('',(1.,0.,0.));
#881 = ORIENTED_EDGE('',*,*,#882,.T.);
#882 = EDGE_CURVE('',#875,#883,#885,.T.);
#883 = VERTEX_POINT('',#884);
#884 = CARTESIAN_POINT('',(54.5,64.,2.2));
#885 = LINE('',#886,#887);
#886 = CARTESIAN_POINT('',(54.5,64.,0.));
#887 = VECTOR('',#888,1.);
#888 = DIRECTION('',(0.,0.,1.));
#889 = ORIENTED_EDGE('',*,*,#890,.T.);
#890 = EDGE_CURVE('',#883,#394,#891,.T.);
#891 = LINE('',#892,#893);
#892 = CARTESIAN_POINT('',(54.5,64.,2.2));
#893 = VECTOR('',#894,1.);
#894 = DIRECTION('',(1.,0.,0.));
#895 = ORIENTED_EDGE('',*,*,#393,.F.);
#896 = PLANE('',#897);
#897 = AXIS2_PLACEMENT_3D('',#898,#899,#900);
#898 = CARTESIAN_POINT('',(54.5,64.,0.));
#899 = DIRECTION('',(0.,1.,0.));
#900 = DIRECTION('',(0.,0.,1.));
#901 = ADVANCED_FACE('',(#902,#927),#993,.F.);
#902 = FACE_BOUND('',#903,.F.);
#903 = EDGE_LOOP('',(#904,#905,#913,#921));
#904 = ORIENTED_EDGE('',*,*,#724,.F.);
#905 = ORIENTED_EDGE('',*,*,#906,.T.);
#906 = EDGE_CURVE('',#418,#907,#909,.T.);
#907 = VERTEX_POINT('',#908);
#908 = CARTESIAN_POINT('',(53.,72.,2.2));
#909 = LINE('',#910,#911);
#910 = CARTESIAN_POINT('',(53.,0.,2.2));
#911 = VECTOR('',#912,1.);
#912 = DIRECTION('',(0.,1.,0.));
#913 = ORIENTED_EDGE('',*,*,#914,.T.);
#914 = EDGE_CURVE('',#907,#915,#917,.T.);
#915 = VERTEX_POINT('',#916);
#916 = CARTESIAN_POINT('',(53.,72.,20.));
#917 = LINE('',#918,#919);
#918 = CARTESIAN_POINT('',(53.,72.,0.));
#919 = VECTOR('',#920,1.);
#920 = DIRECTION('',(0.,0.,1.));
#921 = ORIENTED_EDGE('',*,*,#922,.F.);
#922 = EDGE_CURVE('',#717,#915,#923,.T.);
#923 = LINE('',#924,#925);
#924 = CARTESIAN_POINT('',(53.,2.,20.));
#925 = VECTOR('',#926,1.);
#926 = DIRECTION('',(0.,1.,0.));
#927 = FACE_BOUND('',#928,.F.);
#928 = EDGE_LOOP('',(#929,#939,#947,#955,#963,#971,#979,#987));
#929 = ORIENTED_EDGE('',*,*,#930,.F.);
#930 = EDGE_CURVE('',#931,#933,#935,.T.);
#931 = VERTEX_POINT('',#932);
#932 = CARTESIAN_POINT('',(53.,19.,5.));
#933 = VERTEX_POINT('',#934);
#934 = CARTESIAN_POINT('',(53.,55.,5.));
#935 = LINE('',#936,#937);
#936 = CARTESIAN_POINT('',(53.,19.,5.));
#937 = VECTOR('',#938,1.);
#938 = DIRECTION('',(0.,1.,0.));
#939 = ORIENTED_EDGE('',*,*,#940,.T.);
#940 = EDGE_CURVE('',#931,#941,#943,.T.);
#941 = VERTEX_POINT('',#942);
#942 = CARTESIAN_POINT('',(53.,19.,6.));
#943 = LINE('',#944,#945);
#944 = CARTESIAN_POINT('',(53.,19.,5.));
#945 = VECTOR('',#946,1.);
#946 = DIRECTION('',(0.,0.,1.));
#947 = ORIENTED_EDGE('',*,*,#948,.T.);
#948 = EDGE_CURVE('',#941,#949,#951,.T.);
#949 = VERTEX_POINT('',#950);
#950 = CARTESIAN_POINT('',(53.,30.,6.));
#951 = LINE('',#952,#953);
#952 = CARTESIAN_POINT('',(53.,19.,6.));
#953 = VECTOR('',#954,1.);
#954 = DIRECTION('',(0.,1.,0.));
#955 = ORIENTED_EDGE('',*,*,#956,.T.);
#956 = EDGE_CURVE('',#949,#957,#959,.T.);
#957 = VERTEX_POINT('',#958);
#958 = CARTESIAN_POINT('',(53.,30.,8.3));
#959 = LINE('',#960,#961);
#960 = CARTESIAN_POINT('',(53.,30.,6.));
#961 = VECTOR('',#962,1.);
#962 = DIRECTION('',(0.,0.,1.));
#963 = ORIENTED_EDGE('',*,*,#964,.T.);
#964 = EDGE_CURVE('',#957,#965,#967,.T.);
#965 = VERTEX_POINT('',#966);
#966 = CARTESIAN_POINT('',(53.,34.,8.3));
#967 = LINE('',#968,#969);
#968 = CARTESIAN_POINT('',(53.,30.,8.3));
#969 = VECTOR('',#970,1.);
#970 = DIRECTION('',(0.,1.,0.));
#971 = ORIENTED_EDGE('',*,*,#972,.F.);
#972 = EDGE_CURVE('',#973,#965,#975,.T.);
#973 = VERTEX_POINT('',#974);
#974 = CARTESIAN_POINT('',(53.,34.,6.));
#975 = LINE('',#976,#977);
#976 = CARTESIAN_POINT('',(53.,34.,6.));
#977 = VECTOR('',#978,1.);
#978 = DIRECTION('',(0.,0.,1.));
#979 = ORIENTED_EDGE('',*,*,#980,.T.);
#980 = EDGE_CURVE('',#973,#981,#983,.T.);
#981 = VERTEX_POINT('',#982);
#982 = CARTESIAN_POINT('',(53.,55.,6.));
#983 = LINE('',#984,#985);
#984 = CARTESIAN_POINT('',(53.,19.,6.));
#985 = VECTOR('',#986,1.);
#986 = DIRECTION('',(0.,1.,0.));
#987 = ORIENTED_EDGE('',*,*,#988,.F.);
#988 = EDGE_CURVE('',#933,#981,#989,.T.);
#989 = LINE('',#990,#991);
#990 = CARTESIAN_POINT('',(53.,55.,5.));
#991 = VECTOR('',#992,1.);
#992 = DIRECTION('',(0.,0.,1.));
#993 = PLANE('',#994);
#994 = AXIS2_PLACEMENT_3D('',#995,#996,#997);
#995 = CARTESIAN_POINT('',(53.,2.,0.));
#996 = DIRECTION('',(1.,0.,0.));
#997 = DIRECTION('',(0.,0.,1.));
#998 = ADVANCED_FACE('',(#999),#1024,.T.);
#999 = FACE_BOUND('',#1000,.T.);
#1000 = EDGE_LOOP('',(#1001,#1009,#1017,#1023));
#1001 = ORIENTED_EDGE('',*,*,#1002,.F.);
#1002 = EDGE_CURVE('',#1003,#592,#1005,.T.);
#1003 = VERTEX_POINT('',#1004);
#1004 = CARTESIAN_POINT('',(54.5,68.,0.));
#1005 = LINE('',#1006,#1007);
#1006 = CARTESIAN_POINT('',(54.5,68.,0.));
#1007 = VECTOR('',#1008,1.);
#1008 = DIRECTION('',(1.,0.,0.));
#1009 = ORIENTED_EDGE('',*,*,#1010,.T.);
#1010 = EDGE_CURVE('',#1003,#1011,#1013,.T.);
#1011 = VERTEX_POINT('',#1012);
#1012 = CARTESIAN_POINT('',(54.5,68.,2.2));
#1013 = LINE('',#1014,#1015);
#1014 = CARTESIAN_POINT('',(54.5,68.,0.));
#1015 = VECTOR('',#1016,1.);
#1016 = DIRECTION('',(0.,0.,1.));
#1017 = ORIENTED_EDGE('',*,*,#1018,.T.);
#1018 = EDGE_CURVE('',#1011,#594,#1019,.T.);
#1019 = LINE('',#1020,#1021);
#1020 = CARTESIAN_POINT('',(54.5,68.,2.2));
#1021 = VECTOR('',#1022,1.);
#1022 = DIRECTION('',(1.,0.,0.));
#1023 = ORIENTED_EDGE('',*,*,#591,.F.);
#1024 = PLANE('',#1025);
#1025 = AXIS2_PLACEMENT_3D('',#1026,#1027,#1028);
#1026 = CARTESIAN_POINT('',(54.5,68.,0.));
#1027 = DIRECTION('',(0.,1.,0.));
#1028 = DIRECTION('',(0.,0.,1.));
#1029 = ADVANCED_FACE('',(#1030),#1046,.F.);
#1030 = FACE_BOUND('',#1031,.F.);
#1031 = EDGE_LOOP('',(#1032,#1033,#1039,#1040));
#1032 = ORIENTED_EDGE('',*,*,#882,.F.);
#1033 = ORIENTED_EDGE('',*,*,#1034,.T.);
#1034 = EDGE_CURVE('',#875,#1003,#1035,.T.);
#1035 = LINE('',#1036,#1037);
#1036 = CARTESIAN_POINT('',(54.5,64.,0.));
#1037 = VECTOR('',#1038,1.);
#1038 = DIRECTION('',(0.,1.,0.));
#1039 = ORIENTED_EDGE('',*,*,#1010,.T.);
#1040 = ORIENTED_EDGE('',*,*,#1041,.F.);
#1041 = EDGE_CURVE('',#883,#1011,#1042,.T.);
#1042 = LINE('',#1043,#1044);
#1043 = CARTESIAN_POINT('',(54.5,64.,2.2));
#1044 = VECTOR('',#1045,1.);
#1045 = DIRECTION('',(0.,1.,0.));
#1046 = PLANE('',#1047);
#1047 = AXIS2_PLACEMENT_3D('',#1048,#1049,#1050);
#1048 = CARTESIAN_POINT('',(54.5,64.,0.));
#1049 = DIRECTION('',(1.,0.,0.));
#1050 = DIRECTION('',(0.,0.,1.));
#1051 = ADVANCED_FACE('',(#1052,#1055),#1066,.T.);
#1052 = FACE_BOUND('',#1053,.T.);
#1053 = EDGE_LOOP('',(#1054));
#1054 = ORIENTED_EDGE('',*,*,#544,.T.);
#1055 = FACE_BOUND('',#1056,.T.);
#1056 = EDGE_LOOP('',(#1057));
#1057 = ORIENTED_EDGE('',*,*,#1058,.F.);
#1058 = EDGE_CURVE('',#1059,#1059,#1061,.T.);
#1059 = VERTEX_POINT('',#1060);
#1060 = CARTESIAN_POINT('',(22.5,45.16,20.8));
#1061 = CIRCLE('',#1062,4.);
#1062 = AXIS2_PLACEMENT_3D('',#1063,#1064,#1065);
#1063 = CARTESIAN_POINT('',(18.5,45.16,20.8));
#1064 = DIRECTION('',(0.,0.,1.));
#1065 = DIRECTION('',(1.,0.,0.));
#1066 = PLANE('',#1067);
#1067 = AXIS2_PLACEMENT_3D('',#1068,#1069,#1070);
#1068 = CARTESIAN_POINT('',(18.5,45.16,20.8));
#1069 = DIRECTION('',(0.,0.,1.));
#1070 = DIRECTION('',(1.,0.,0.));
#1071 = ADVANCED_FACE('',(#1072),#1120,.F.);
#1072 = FACE_BOUND('',#1073,.F.);
#1073 = EDGE_LOOP('',(#1074,#1082,#1083,#1089,#1090,#1098,#1106,#1114));
#1074 = ORIENTED_EDGE('',*,*,#1075,.F.);
#1075 = EDGE_CURVE('',#747,#1076,#1078,.T.);
#1076 = VERTEX_POINT('',#1077);
#1077 = CARTESIAN_POINT('',(25.,72.,2.2));
#1078 = LINE('',#1079,#1080);
#1079 = CARTESIAN_POINT('',(4.,72.,2.2));
#1080 = VECTOR('',#1081,1.);
#1081 = DIRECTION('',(1.,0.,0.));
#1082 = ORIENTED_EDGE('',*,*,#754,.T.);
#1083 = ORIENTED_EDGE('',*,*,#1084,.T.);
#1084 = EDGE_CURVE('',#755,#915,#1085,.T.);
#1085 = LINE('',#1086,#1087);
#1086 = CARTESIAN_POINT('',(4.,72.,20.));
#1087 = VECTOR('',#1088,1.);
#1088 = DIRECTION('',(1.,0.,0.));
#1089 = ORIENTED_EDGE('',*,*,#914,.F.);
#1090 = ORIENTED_EDGE('',*,*,#1091,.F.);
#1091 = EDGE_CURVE('',#1092,#907,#1094,.T.);
#1092 = VERTEX_POINT('',#1093);
#1093 = CARTESIAN_POINT('',(32.,72.,2.2));
#1094 = LINE('',#1095,#1096);
#1095 = CARTESIAN_POINT('',(4.,72.,2.2));
#1096 = VECTOR('',#1097,1.);
#1097 = DIRECTION('',(1.,0.,0.));
#1098 = ORIENTED_EDGE('',*,*,#1099,.T.);
#1099 = EDGE_CURVE('',#1092,#1100,#1102,.T.);
#1100 = VERTEX_POINT('',#1101);
#1101 = CARTESIAN_POINT('',(32.,72.,3.2));
#1102 = LINE('',#1103,#1104);
#1103 = CARTESIAN_POINT('',(32.,72.,2.2));
#1104 = VECTOR('',#1105,1.);
#1105 = DIRECTION('',(0.,0.,1.));
#1106 = ORIENTED_EDGE('',*,*,#1107,.F.);
#1107 = EDGE_CURVE('',#1108,#1100,#1110,.T.);
#1108 = VERTEX_POINT('',#1109);
#1109 = CARTESIAN_POINT('',(25.,72.,3.2));
#1110 = LINE('',#1111,#1112);
#1111 = CARTESIAN_POINT('',(25.,72.,3.2));
#1112 = VECTOR('',#1113,1.);
#1113 = DIRECTION('',(1.,0.,0.));
#1114 = ORIENTED_EDGE('',*,*,#1115,.F.);
#1115 = EDGE_CURVE('',#1076,#1108,#1116,.T.);
#1116 = LINE('',#1117,#1118);
#1117 = CARTESIAN_POINT('',(25.,72.,2.2));
#1118 = VECTOR('',#1119,1.);
#1119 = DIRECTION('',(0.,0.,1.));
#1120 = PLANE('',#1121);
#1121 = AXIS2_PLACEMENT_3D('',#1122,#1123,#1124);
#1122 = CARTESIAN_POINT('',(4.,72.,0.));
#1123 = DIRECTION('',(0.,1.,0.));
#1124 = DIRECTION('',(0.,0.,1.));
#1125 = ADVANCED_FACE('',(#1126,#1132,#1143,#1209),#1243,.F.);
#1126 = FACE_BOUND('',#1127,.F.);
#1127 = EDGE_LOOP('',(#1128,#1129,#1130,#1131));
#1128 = ORIENTED_EDGE('',*,*,#762,.F.);
#1129 = ORIENTED_EDGE('',*,*,#716,.T.);
#1130 = ORIENTED_EDGE('',*,*,#922,.T.);
#1131 = ORIENTED_EDGE('',*,*,#1084,.F.);
#1132 = FACE_BOUND('',#1133,.F.);
#1133 = EDGE_LOOP('',(#1134));
#1134 = ORIENTED_EDGE('',*,*,#1135,.F.);
#1135 = EDGE_CURVE('',#1136,#1136,#1138,.T.);
#1136 = VERTEX_POINT('',#1137);
#1137 = CARTESIAN_POINT('',(22.5,45.16,20.));
#1138 = CIRCLE('',#1139,4.);
#1139 = AXIS2_PLACEMENT_3D('',#1140,#1141,#1142);
#1140 = CARTESIAN_POINT('',(18.5,45.16,20.));
#1141 = DIRECTION('',(0.,0.,1.));
#1142 = DIRECTION('',(1.,0.,0.));
#1143 = FACE_BOUND('',#1144,.F.);
#1144 = EDGE_LOOP('',(#1145,#1155,#1163,#1171,#1179,#1187,#1195,#1203));
#1145 = ORIENTED_EDGE('',*,*,#1146,.F.);
#1146 = EDGE_CURVE('',#1147,#1149,#1151,.T.);
#1147 = VERTEX_POINT('',#1148);
#1148 = CARTESIAN_POINT('',(12.3,38.96,20.));
#1149 = VERTEX_POINT('',#1150);
#1150 = CARTESIAN_POINT('',(24.7,38.96,20.));
#1151 = LINE('',#1152,#1153);
#1152 = CARTESIAN_POINT('',(12.3,38.96,20.));
#1153 = VECTOR('',#1154,1.);
#1154 = DIRECTION('',(1.,0.,0.));
#1155 = ORIENTED_EDGE('',*,*,#1156,.T.);
#1156 = EDGE_CURVE('',#1147,#1157,#1159,.T.);
#1157 = VERTEX_POINT('',#1158);
#1158 = CARTESIAN_POINT('',(12.3,51.36,20.));
#1159 = LINE('',#1160,#1161);
#1160 = CARTESIAN_POINT('',(12.3,38.96,20.));
#1161 = VECTOR('',#1162,1.);
#1162 = DIRECTION('',(0.,1.,0.));
#1163 = ORIENTED_EDGE('',*,*,#1164,.T.);
#1164 = EDGE_CURVE('',#1157,#1165,#1167,.T.);
#1165 = VERTEX_POINT('',#1166);
#1166 = CARTESIAN_POINT('',(13.8,51.36,20.));
#1167 = LINE('',#1168,#1169);
#1168 = CARTESIAN_POINT('',(12.3,51.36,20.));
#1169 = VECTOR('',#1170,1.);
#1170 = DIRECTION('',(1.,0.,0.));
#1171 = ORIENTED_EDGE('',*,*,#1172,.F.);
#1172 = EDGE_CURVE('',#1173,#1165,#1175,.T.);
#1173 = VERTEX_POINT('',#1174);
#1174 = CARTESIAN_POINT('',(13.8,40.46,20.));
#1175 = LINE('',#1176,#1177);
#1176 = CARTESIAN_POINT('',(13.8,39.71,20.));
#1177 = VECTOR('',#1178,1.);
#1178 = DIRECTION('',(0.,1.,0.));
#1179 = ORIENTED_EDGE('',*,*,#1180,.F.);
#1180 = EDGE_CURVE('',#1181,#1173,#1183,.T.);
#1181 = VERTEX_POINT('',#1182);
#1182 = CARTESIAN_POINT('',(23.2,40.46,20.));
#1183 = LINE('',#1184,#1185);
#1184 = CARTESIAN_POINT('',(13.05,40.46,20.));
#1185 = VECTOR('',#1186,1.);
#1186 = DIRECTION('',(-1.,0.,0.));
#1187 = ORIENTED_EDGE('',*,*,#1188,.T.);
#1188 = EDGE_CURVE('',#1181,#1189,#1191,.T.);
#1189 = VERTEX_POINT('',#1190);
#1190 = CARTESIAN_POINT('',(23.2,51.36,20.));
#1191 = LINE('',#1192,#1193);
#1192 = CARTESIAN_POINT('',(23.2,39.71,20.));
#1193 = VECTOR('',#1194,1.);
#1194 = DIRECTION('',(0.,1.,0.));
#1195 = ORIENTED_EDGE('',*,*,#1196,.T.);
#1196 = EDGE_CURVE('',#1189,#1197,#1199,.T.);
#1197 = VERTEX_POINT('',#1198);
#1198 = CARTESIAN_POINT('',(24.7,51.36,20.));
#1199 = LINE('',#1200,#1201);
#1200 = CARTESIAN_POINT('',(12.3,51.36,20.));
#1201 = VECTOR('',#1202,1.);
#1202 = DIRECTION('',(1.,0.,0.));
#1203 = ORIENTED_EDGE('',*,*,#1204,.F.);
#1204 = EDGE_CURVE('',#1149,#1197,#1205,.T.);
#1205 = LINE('',#1206,#1207);
#1206 = CARTESIAN_POINT('',(24.7,38.96,20.));
#1207 = VECTOR('',#1208,1.);
#1208 = DIRECTION('',(0.,1.,0.));
#1209 = FACE_BOUND('',#1210,.F.);
#1210 = EDGE_LOOP('',(#1211,#1221,#1229,#1237));
#1211 = ORIENTED_EDGE('',*,*,#1212,.F.);
#1212 = EDGE_CURVE('',#1213,#1215,#1217,.T.);
#1213 = VERTEX_POINT('',#1214);
#1214 = CARTESIAN_POINT('',(32.5,3.,20.));
#1215 = VERTEX_POINT('',#1216);
#1216 = CARTESIAN_POINT('',(34.5,3.,20.));
#1217 = LINE('',#1218,#1219);
#1218 = CARTESIAN_POINT('',(32.5,3.,20.));
#1219 = VECTOR('',#1220,1.);
#1220 = DIRECTION('',(1.,0.,0.));
#1221 = ORIENTED_EDGE('',*,*,#1222,.T.);
#1222 = EDGE_CURVE('',#1213,#1223,#1225,.T.);
#1223 = VERTEX_POINT('',#1224);
#1224 = CARTESIAN_POINT('',(32.5,71.,20.));
#1225 = LINE('',#1226,#1227);
#1226 = CARTESIAN_POINT('',(32.5,3.,20.));
#1227 = VECTOR('',#1228,1.);
#1228 = DIRECTION('',(0.,1.,0.));
#1229 = ORIENTED_EDGE('',*,*,#1230,.T.);
#1230 = EDGE_CURVE('',#1223,#1231,#1233,.T.);
#1231 = VERTEX_POINT('',#1232);
#1232 = CARTESIAN_POINT('',(34.5,71.,20.));
#1233 = LINE('',#1234,#1235);
#1234 = CARTESIAN_POINT('',(32.5,71.,20.));
#1235 = VECTOR('',#1236,1.);
#1236 = DIRECTION('',(1.,0.,0.));
#1237 = ORIENTED_EDGE('',*,*,#1238,.F.);
#1238 = EDGE_CURVE('',#1215,#1231,#1239,.T.);
#1239 = LINE('',#1240,#1241);
#1240 = CARTESIAN_POINT('',(34.5,3.,20.));
#1241 = VECTOR('',#1242,1.);
#1242 = DIRECTION('',(0.,1.,0.));
#1243 = PLANE('',#1244);
#1244 = AXIS2_PLACEMENT_3D('',#1245,#1246,#1247);
#1245 = CARTESIAN_POINT('',(4.,2.,20.));
#1246 = DIRECTION('',(0.,0.,1.));
#1247 = DIRECTION('',(1.,0.,0.));
#1248 = ADVANCED_FACE('',(#1249),#1274,.F.);
#1249 = FACE_BOUND('',#1250,.F.);
#1250 = EDGE_LOOP('',(#1251,#1252,#1260,#1268));
#1251 = ORIENTED_EDGE('',*,*,#770,.F.);
#1252 = ORIENTED_EDGE('',*,*,#1253,.T.);
#1253 = EDGE_CURVE('',#771,#1254,#1256,.T.);
#1254 = VERTEX_POINT('',#1255);
#1255 = CARTESIAN_POINT('',(7.,3.,5.));
#1256 = LINE('',#1257,#1258);
#1257 = CARTESIAN_POINT('',(4.,3.,5.));
#1258 = VECTOR('',#1259,1.);
#1259 = DIRECTION('',(1.,0.,0.));
#1260 = ORIENTED_EDGE('',*,*,#1261,.T.);
#1261 = EDGE_CURVE('',#1254,#1262,#1264,.T.);
#1262 = VERTEX_POINT('',#1263);
#1263 = CARTESIAN_POINT('',(7.,71.,5.));
#1264 = LINE('',#1265,#1266);
#1265 = CARTESIAN_POINT('',(7.,3.,5.));
#1266 = VECTOR('',#1267,1.);
#1267 = DIRECTION('',(0.,1.,0.));
#1268 = ORIENTED_EDGE('',*,*,#1269,.F.);
#1269 = EDGE_CURVE('',#773,#1262,#1270,.T.);
#1270 = LINE('',#1271,#1272);
#1271 = CARTESIAN_POINT('',(4.,71.,5.));
#1272 = VECTOR('',#1273,1.);
#1273 = DIRECTION('',(1.,0.,0.));
#1274 = PLANE('',#1275);
#1275 = AXIS2_PLACEMENT_3D('',#1276,#1277,#1278);
#1276 = CARTESIAN_POINT('',(4.,3.,5.));
#1277 = DIRECTION('',(0.,0.,1.));
#1278 = DIRECTION('',(1.,0.,0.));
#1279 = ADVANCED_FACE('',(#1280),#1298,.T.);
#1280 = FACE_BOUND('',#1281,.T.);
#1281 = EDGE_LOOP('',(#1282,#1283,#1284,#1292));
#1282 = ORIENTED_EDGE('',*,*,#1269,.F.);
#1283 = ORIENTED_EDGE('',*,*,#860,.T.);
#1284 = ORIENTED_EDGE('',*,*,#1285,.T.);
#1285 = EDGE_CURVE('',#853,#1286,#1288,.T.);
#1286 = VERTEX_POINT('',#1287);
#1287 = CARTESIAN_POINT('',(7.,71.,6.));
#1288 = LINE('',#1289,#1290);
#1289 = CARTESIAN_POINT('',(4.,71.,6.));
#1290 = VECTOR('',#1291,1.);
#1291 = DIRECTION('',(1.,0.,0.));
#1292 = ORIENTED_EDGE('',*,*,#1293,.F.);
#1293 = EDGE_CURVE('',#1262,#1286,#1294,.T.);
#1294 = LINE('',#1295,#1296);
#1295 = CARTESIAN_POINT('',(7.,71.,5.));
#1296 = VECTOR('',#1297,1.);
#1297 = DIRECTION('',(0.,0.,1.));
#1298 = PLANE('',#1299);
#1299 = AXIS2_PLACEMENT_3D('',#1300,#1301,#1302);
#1300 = CARTESIAN_POINT('',(4.,71.,5.));
#1301 = DIRECTION('',(0.,1.,0.));
#1302 = DIRECTION('',(0.,0.,1.));
#1303 = ADVANCED_FACE('',(#1304),#1368,.T.);
#1304 = FACE_BOUND('',#1305,.T.);
#1305 = EDGE_LOOP('',(#1306,#1307,#1315,#1321,#1322,#1323,#1331,#1339,
    #1345,#1346,#1354,#1362));
#1306 = ORIENTED_EDGE('',*,*,#788,.F.);
#1307 = ORIENTED_EDGE('',*,*,#1308,.T.);
#1308 = EDGE_CURVE('',#781,#1309,#1311,.T.);
#1309 = VERTEX_POINT('',#1310);
#1310 = CARTESIAN_POINT('',(7.,3.,6.));
#1311 = LINE('',#1312,#1313);
#1312 = CARTESIAN_POINT('',(4.,3.,6.));
#1313 = VECTOR('',#1314,1.);
#1314 = DIRECTION('',(1.,0.,0.));
#1315 = ORIENTED_EDGE('',*,*,#1316,.T.);
#1316 = EDGE_CURVE('',#1309,#1286,#1317,.T.);
#1317 = LINE('',#1318,#1319);
#1318 = CARTESIAN_POINT('',(7.,3.,6.));
#1319 = VECTOR('',#1320,1.);
#1320 = DIRECTION('',(0.,1.,0.));
#1321 = ORIENTED_EDGE('',*,*,#1285,.F.);
#1322 = ORIENTED_EDGE('',*,*,#852,.F.);
#1323 = ORIENTED_EDGE('',*,*,#1324,.T.);
#1324 = EDGE_CURVE('',#845,#1325,#1327,.T.);
#1325 = VERTEX_POINT('',#1326);
#1326 = CARTESIAN_POINT('',(5.,59.,6.));
#1327 = LINE('',#1328,#1329);
#1328 = CARTESIAN_POINT('',(4.,59.,6.));
#1329 = VECTOR('',#1330,1.);
#1330 = DIRECTION('',(1.,0.,0.));
#1331 = ORIENTED_EDGE('',*,*,#1332,.F.);
#1332 = EDGE_CURVE('',#1333,#1325,#1335,.T.);
#1333 = VERTEX_POINT('',#1334);
#1334 = CARTESIAN_POINT('',(5.,55.,6.));
#1335 = LINE('',#1336,#1337);
#1336 = CARTESIAN_POINT('',(5.,55.,6.));
#1337 = VECTOR('',#1338,1.);
#1338 = DIRECTION('',(0.,1.,0.));
#1339 = ORIENTED_EDGE('',*,*,#1340,.F.);
#1340 = EDGE_CURVE('',#821,#1333,#1341,.T.);
#1341 = LINE('',#1342,#1343);
#1342 = CARTESIAN_POINT('',(4.,55.,6.));
#1343 = VECTOR('',#1344,1.);
#1344 = DIRECTION('',(1.,0.,0.));
#1345 = ORIENTED_EDGE('',*,*,#820,.F.);
#1346 = ORIENTED_EDGE('',*,*,#1347,.T.);
#1347 = EDGE_CURVE('',#813,#1348,#1350,.T.);
#1348 = VERTEX_POINT('',#1349);
#1349 = CARTESIAN_POINT('',(5.,19.,6.));
#1350 = LINE('',#1351,#1352);
#1351 = CARTESIAN_POINT('',(4.,19.,6.));
#1352 = VECTOR('',#1353,1.);
#1353 = DIRECTION('',(1.,0.,0.));
#1354 = ORIENTED_EDGE('',*,*,#1355,.F.);
#1355 = EDGE_CURVE('',#1356,#1348,#1358,.T.);
#1356 = VERTEX_POINT('',#1357);
#1357 = CARTESIAN_POINT('',(5.,15.,6.));
#1358 = LINE('',#1359,#1360);
#1359 = CARTESIAN_POINT('',(5.,15.,6.));
#1360 = VECTOR('',#1361,1.);
#1361 = DIRECTION('',(0.,1.,0.));
#1362 = ORIENTED_EDGE('',*,*,#1363,.F.);
#1363 = EDGE_CURVE('',#789,#1356,#1364,.T.);
#1364 = LINE('',#1365,#1366);
#1365 = CARTESIAN_POINT('',(4.,15.,6.));
#1366 = VECTOR('',#1367,1.);
#1367 = DIRECTION('',(1.,0.,0.));
#1368 = PLANE('',#1369);
#1369 = AXIS2_PLACEMENT_3D('',#1370,#1371,#1372);
#1370 = CARTESIAN_POINT('',(4.,3.,6.));
#1371 = DIRECTION('',(0.,0.,1.));
#1372 = DIRECTION('',(1.,0.,0.));
#1373 = ADVANCED_FACE('',(#1374),#1399,.T.);
#1374 = FACE_BOUND('',#1375,.T.);
#1375 = EDGE_LOOP('',(#1376,#1377,#1385,#1393));
#1376 = ORIENTED_EDGE('',*,*,#836,.F.);
#1377 = ORIENTED_EDGE('',*,*,#1378,.T.);
#1378 = EDGE_CURVE('',#829,#1379,#1381,.T.);
#1379 = VERTEX_POINT('',#1380);
#1380 = CARTESIAN_POINT('',(5.,55.,8.3));
#1381 = LINE('',#1382,#1383);
#1382 = CARTESIAN_POINT('',(4.,55.,8.3));
#1383 = VECTOR('',#1384,1.);
#1384 = DIRECTION('',(1.,0.,0.));
#1385 = ORIENTED_EDGE('',*,*,#1386,.T.);
#1386 = EDGE_CURVE('',#1379,#1387,#1389,.T.);
#1387 = VERTEX_POINT('',#1388);
#1388 = CARTESIAN_POINT('',(5.,59.,8.3));
#1389 = LINE('',#1390,#1391);
#1390 = CARTESIAN_POINT('',(5.,55.,8.3));
#1391 = VECTOR('',#1392,1.);
#1392 = DIRECTION('',(0.,1.,0.));
#1393 = ORIENTED_EDGE('',*,*,#1394,.F.);
#1394 = EDGE_CURVE('',#837,#1387,#1395,.T.);
#1395 = LINE('',#1396,#1397);
#1396 = CARTESIAN_POINT('',(4.,59.,8.3));
#1397 = VECTOR('',#1398,1.);
#1398 = DIRECTION('',(1.,0.,0.));
#1399 = PLANE('',#1400);
#1400 = AXIS2_PLACEMENT_3D('',#1401,#1402,#1403);
#1401 = CARTESIAN_POINT('',(4.,55.,8.3));
#1402 = DIRECTION('',(0.,0.,1.));
#1403 = DIRECTION('',(1.,0.,0.));
#1404 = ADVANCED_FACE('',(#1405),#1430,.T.);
#1405 = FACE_BOUND('',#1406,.T.);
#1406 = EDGE_LOOP('',(#1407,#1408,#1416,#1424));
#1407 = ORIENTED_EDGE('',*,*,#804,.F.);
#1408 = ORIENTED_EDGE('',*,*,#1409,.T.);
#1409 = EDGE_CURVE('',#797,#1410,#1412,.T.);
#1410 = VERTEX_POINT('',#1411);
#1411 = CARTESIAN_POINT('',(5.,15.,8.3));
#1412 = LINE('',#1413,#1414);
#1413 = CARTESIAN_POINT('',(4.,15.,8.3));
#1414 = VECTOR('',#1415,1.);
#1415 = DIRECTION('',(1.,0.,0.));
#1416 = ORIENTED_EDGE('',*,*,#1417,.T.);
#1417 = EDGE_CURVE('',#1410,#1418,#1420,.T.);
#1418 = VERTEX_POINT('',#1419);
#1419 = CARTESIAN_POINT('',(5.,19.,8.3));
#1420 = LINE('',#1421,#1422);
#1421 = CARTESIAN_POINT('',(5.,15.,8.3));
#1422 = VECTOR('',#1423,1.);
#1423 = DIRECTION('',(0.,1.,0.));
#1424 = ORIENTED_EDGE('',*,*,#1425,.F.);
#1425 = EDGE_CURVE('',#805,#1418,#1426,.T.);
#1426 = LINE('',#1427,#1428);
#1427 = CARTESIAN_POINT('',(4.,19.,8.3));
#1428 = VECTOR('',#1429,1.);
#1429 = DIRECTION('',(1.,0.,0.));
#1430 = PLANE('',#1431);
#1431 = AXIS2_PLACEMENT_3D('',#1432,#1433,#1434);
#1432 = CARTESIAN_POINT('',(4.,15.,8.3));
#1433 = DIRECTION('',(0.,0.,1.));
#1434 = DIRECTION('',(1.,0.,0.));
#1435 = ADVANCED_FACE('',(#1436),#1447,.F.);
#1436 = FACE_BOUND('',#1437,.F.);
#1437 = EDGE_LOOP('',(#1438,#1439,#1440,#1441));
#1438 = ORIENTED_EDGE('',*,*,#1253,.F.);
#1439 = ORIENTED_EDGE('',*,*,#780,.T.);
#1440 = ORIENTED_EDGE('',*,*,#1308,.T.);
#1441 = ORIENTED_EDGE('',*,*,#1442,.F.);
#1442 = EDGE_CURVE('',#1254,#1309,#1443,.T.);
#1443 = LINE('',#1444,#1445);
#1444 = CARTESIAN_POINT('',(7.,3.,5.));
#1445 = VECTOR('',#1446,1.);
#1446 = DIRECTION('',(0.,0.,1.));
#1447 = PLANE('',#1448);
#1448 = AXIS2_PLACEMENT_3D('',#1449,#1450,#1451);
#1449 = CARTESIAN_POINT('',(4.,3.,5.));
#1450 = DIRECTION('',(0.,1.,0.));
#1451 = DIRECTION('',(0.,0.,1.));
#1452 = ADVANCED_FACE('',(#1453),#1478,.F.);
#1453 = FACE_BOUND('',#1454,.F.);
#1454 = EDGE_LOOP('',(#1455,#1465,#1471,#1472));
#1455 = ORIENTED_EDGE('',*,*,#1456,.F.);
#1456 = EDGE_CURVE('',#1457,#1459,#1461,.T.);
#1457 = VERTEX_POINT('',#1458);
#1458 = CARTESIAN_POINT('',(50.,19.,5.));
#1459 = VERTEX_POINT('',#1460);
#1460 = CARTESIAN_POINT('',(50.,55.,5.));
#1461 = LINE('',#1462,#1463);
#1462 = CARTESIAN_POINT('',(50.,19.,5.));
#1463 = VECTOR('',#1464,1.);
#1464 = DIRECTION('',(0.,1.,0.));
#1465 = ORIENTED_EDGE('',*,*,#1466,.T.);
#1466 = EDGE_CURVE('',#1457,#931,#1467,.T.);
#1467 = LINE('',#1468,#1469);
#1468 = CARTESIAN_POINT('',(50.,19.,5.));
#1469 = VECTOR('',#1470,1.);
#1470 = DIRECTION('',(1.,0.,0.));
#1471 = ORIENTED_EDGE('',*,*,#930,.T.);
#1472 = ORIENTED_EDGE('',*,*,#1473,.F.);
#1473 = EDGE_CURVE('',#1459,#933,#1474,.T.);
#1474 = LINE('',#1475,#1476);
#1475 = CARTESIAN_POINT('',(50.,55.,5.));
#1476 = VECTOR('',#1477,1.);
#1477 = DIRECTION('',(1.,0.,0.));
#1478 = PLANE('',#1479);
#1479 = AXIS2_PLACEMENT_3D('',#1480,#1481,#1482);
#1480 = CARTESIAN_POINT('',(50.,19.,5.));
#1481 = DIRECTION('',(0.,0.,1.));
#1482 = DIRECTION('',(1.,0.,0.));
#1483 = ADVANCED_FACE('',(#1484),#1502,.T.);
#1484 = FACE_BOUND('',#1485,.T.);
#1485 = EDGE_LOOP('',(#1486,#1487,#1495,#1501));
#1486 = ORIENTED_EDGE('',*,*,#1473,.F.);
#1487 = ORIENTED_EDGE('',*,*,#1488,.T.);
#1488 = EDGE_CURVE('',#1459,#1489,#1491,.T.);
#1489 = VERTEX_POINT('',#1490);
#1490 = CARTESIAN_POINT('',(50.,55.,6.));
#1491 = LINE('',#1492,#1493);
#1492 = CARTESIAN_POINT('',(50.,55.,5.));
#1493 = VECTOR('',#1494,1.);
#1494 = DIRECTION('',(0.,0.,1.));
#1495 = ORIENTED_EDGE('',*,*,#1496,.T.);
#1496 = EDGE_CURVE('',#1489,#981,#1497,.T.);
#1497 = LINE('',#1498,#1499);
#1498 = CARTESIAN_POINT('',(50.,55.,6.));
#1499 = VECTOR('',#1500,1.);
#1500 = DIRECTION('',(1.,0.,0.));
#1501 = ORIENTED_EDGE('',*,*,#988,.F.);
#1502 = PLANE('',#1503);
#1503 = AXIS2_PLACEMENT_3D('',#1504,#1505,#1506);
#1504 = CARTESIAN_POINT('',(50.,55.,5.));
#1505 = DIRECTION('',(0.,1.,0.));
#1506 = DIRECTION('',(0.,0.,1.));
#1507 = ADVANCED_FACE('',(#1508),#1549,.T.);
#1508 = FACE_BOUND('',#1509,.T.);
#1509 = EDGE_LOOP('',(#1510,#1511,#1519,#1525,#1526,#1534,#1542,#1548));
#1510 = ORIENTED_EDGE('',*,*,#1496,.F.);
#1511 = ORIENTED_EDGE('',*,*,#1512,.F.);
#1512 = EDGE_CURVE('',#1513,#1489,#1515,.T.);
#1513 = VERTEX_POINT('',#1514);
#1514 = CARTESIAN_POINT('',(50.,19.,6.));
#1515 = LINE('',#1516,#1517);
#1516 = CARTESIAN_POINT('',(50.,19.,6.));
#1517 = VECTOR('',#1518,1.);
#1518 = DIRECTION('',(0.,1.,0.));
#1519 = ORIENTED_EDGE('',*,*,#1520,.T.);
#1520 = EDGE_CURVE('',#1513,#941,#1521,.T.);
#1521 = LINE('',#1522,#1523);
#1522 = CARTESIAN_POINT('',(50.,19.,6.));
#1523 = VECTOR('',#1524,1.);
#1524 = DIRECTION('',(1.,0.,0.));
#1525 = ORIENTED_EDGE('',*,*,#948,.T.);
#1526 = ORIENTED_EDGE('',*,*,#1527,.F.);
#1527 = EDGE_CURVE('',#1528,#949,#1530,.T.);
#1528 = VERTEX_POINT('',#1529);
#1529 = CARTESIAN_POINT('',(52.,30.,6.));
#1530 = LINE('',#1531,#1532);
#1531 = CARTESIAN_POINT('',(52.,30.,6.));
#1532 = VECTOR('',#1533,1.);
#1533 = DIRECTION('',(1.,0.,0.));
#1534 = ORIENTED_EDGE('',*,*,#1535,.T.);
#1535 = EDGE_CURVE('',#1528,#1536,#1538,.T.);
#1536 = VERTEX_POINT('',#1537);
#1537 = CARTESIAN_POINT('',(52.,34.,6.));
#1538 = LINE('',#1539,#1540);
#1539 = CARTESIAN_POINT('',(52.,30.,6.));
#1540 = VECTOR('',#1541,1.);
#1541 = DIRECTION('',(0.,1.,0.));
#1542 = ORIENTED_EDGE('',*,*,#1543,.T.);
#1543 = EDGE_CURVE('',#1536,#973,#1544,.T.);
#1544 = LINE('',#1545,#1546);
#1545 = CARTESIAN_POINT('',(52.,34.,6.));
#1546 = VECTOR('',#1547,1.);
#1547 = DIRECTION('',(1.,0.,0.));
#1548 = ORIENTED_EDGE('',*,*,#980,.T.);
#1549 = PLANE('',#1550);
#1550 = AXIS2_PLACEMENT_3D('',#1551,#1552,#1553);
#1551 = CARTESIAN_POINT('',(50.,19.,6.));
#1552 = DIRECTION('',(0.,0.,1.));
#1553 = DIRECTION('',(1.,0.,0.));
#1554 = ADVANCED_FACE('',(#1555),#1580,.T.);
#1555 = FACE_BOUND('',#1556,.T.);
#1556 = EDGE_LOOP('',(#1557,#1567,#1573,#1574));
#1557 = ORIENTED_EDGE('',*,*,#1558,.F.);
#1558 = EDGE_CURVE('',#1559,#1561,#1563,.T.);
#1559 = VERTEX_POINT('',#1560);
#1560 = CARTESIAN_POINT('',(52.,30.,8.3));
#1561 = VERTEX_POINT('',#1562);
#1562 = CARTESIAN_POINT('',(52.,34.,8.3));
#1563 = LINE('',#1564,#1565);
#1564 = CARTESIAN_POINT('',(52.,30.,8.3));
#1565 = VECTOR('',#1566,1.);
#1566 = DIRECTION('',(0.,1.,0.));
#1567 = ORIENTED_EDGE('',*,*,#1568,.T.);
#1568 = EDGE_CURVE('',#1559,#957,#1569,.T.);
#1569 = LINE('',#1570,#1571);
#1570 = CARTESIAN_POINT('',(52.,30.,8.3));
#1571 = VECTOR('',#1572,1.);
#1572 = DIRECTION('',(1.,0.,0.));
#1573 = ORIENTED_EDGE('',*,*,#964,.T.);
#1574 = ORIENTED_EDGE('',*,*,#1575,.F.);
#1575 = EDGE_CURVE('',#1561,#965,#1576,.T.);
#1576 = LINE('',#1577,#1578);
#1577 = CARTESIAN_POINT('',(52.,34.,8.3));
#1578 = VECTOR('',#1579,1.);
#1579 = DIRECTION('',(1.,0.,0.));
#1580 = PLANE('',#1581);
#1581 = AXIS2_PLACEMENT_3D('',#1582,#1583,#1584);
#1582 = CARTESIAN_POINT('',(52.,30.,8.3));
#1583 = DIRECTION('',(0.,0.,1.));
#1584 = DIRECTION('',(1.,0.,0.));
#1585 = ADVANCED_FACE('',(#1586),#1597,.F.);
#1586 = FACE_BOUND('',#1587,.F.);
#1587 = EDGE_LOOP('',(#1588,#1589,#1595,#1596));
#1588 = ORIENTED_EDGE('',*,*,#1466,.F.);
#1589 = ORIENTED_EDGE('',*,*,#1590,.T.);
#1590 = EDGE_CURVE('',#1457,#1513,#1591,.T.);
#1591 = LINE('',#1592,#1593);
#1592 = CARTESIAN_POINT('',(50.,19.,5.));
#1593 = VECTOR('',#1594,1.);
#1594 = DIRECTION('',(0.,0.,1.));
#1595 = ORIENTED_EDGE('',*,*,#1520,.T.);
#1596 = ORIENTED_EDGE('',*,*,#940,.F.);
#1597 = PLANE('',#1598);
#1598 = AXIS2_PLACEMENT_3D('',#1599,#1600,#1601);
#1599 = CARTESIAN_POINT('',(50.,19.,5.));
#1600 = DIRECTION('',(0.,1.,0.));
#1601 = DIRECTION('',(0.,0.,1.));
#1602 = ADVANCED_FACE('',(#1603),#1614,.F.);
#1603 = FACE_BOUND('',#1604,.F.);
#1604 = EDGE_LOOP('',(#1605,#1606,#1612,#1613));
#1605 = ORIENTED_EDGE('',*,*,#1058,.F.);
#1606 = ORIENTED_EDGE('',*,*,#1607,.F.);
#1607 = EDGE_CURVE('',#1136,#1059,#1608,.T.);
#1608 = LINE('',#1609,#1610);
#1609 = CARTESIAN_POINT('',(22.5,45.16,19.5));
#1610 = VECTOR('',#1611,1.);
#1611 = DIRECTION('',(0.,0.,1.));
#1612 = ORIENTED_EDGE('',*,*,#1135,.T.);
#1613 = ORIENTED_EDGE('',*,*,#1607,.T.);
#1614 = CYLINDRICAL_SURFACE('',#1615,4.);
#1615 = AXIS2_PLACEMENT_3D('',#1616,#1617,#1618);
#1616 = CARTESIAN_POINT('',(18.5,45.16,19.5));
#1617 = DIRECTION('',(0.,0.,1.));
#1618 = DIRECTION('',(1.,0.,0.));
#1619 = ADVANCED_FACE('',(#1620),#1645,.F.);
#1620 = FACE_BOUND('',#1621,.F.);
#1621 = EDGE_LOOP('',(#1622,#1632,#1638,#1639));
#1622 = ORIENTED_EDGE('',*,*,#1623,.F.);
#1623 = EDGE_CURVE('',#1624,#1626,#1628,.T.);
#1624 = VERTEX_POINT('',#1625);
#1625 = CARTESIAN_POINT('',(25.,71.,2.2));
#1626 = VERTEX_POINT('',#1627);
#1627 = CARTESIAN_POINT('',(25.,71.,3.2));
#1628 = LINE('',#1629,#1630);
#1629 = CARTESIAN_POINT('',(25.,71.,2.2));
#1630 = VECTOR('',#1631,1.);
#1631 = DIRECTION('',(0.,0.,1.));
#1632 = ORIENTED_EDGE('',*,*,#1633,.T.);
#1633 = EDGE_CURVE('',#1624,#1076,#1634,.T.);
#1634 = LINE('',#1635,#1636);
#1635 = CARTESIAN_POINT('',(25.,71.,2.2));
#1636 = VECTOR('',#1637,1.);
#1637 = DIRECTION('',(0.,1.,0.));
#1638 = ORIENTED_EDGE('',*,*,#1115,.T.);
#1639 = ORIENTED_EDGE('',*,*,#1640,.F.);
#1640 = EDGE_CURVE('',#1626,#1108,#1641,.T.);
#1641 = LINE('',#1642,#1643);
#1642 = CARTESIAN_POINT('',(25.,71.,3.2));
#1643 = VECTOR('',#1644,1.);
#1644 = DIRECTION('',(0.,1.,0.));
#1645 = PLANE('',#1646);
#1646 = AXIS2_PLACEMENT_3D('',#1647,#1648,#1649);
#1647 = CARTESIAN_POINT('',(25.,71.,2.2));
#1648 = DIRECTION('',(1.,0.,0.));
#1649 = DIRECTION('',(0.,0.,1.));
#1650 = ADVANCED_FACE('',(#1651),#1669,.T.);
#1651 = FACE_BOUND('',#1652,.T.);
#1652 = EDGE_LOOP('',(#1653,#1654,#1662,#1668));
#1653 = ORIENTED_EDGE('',*,*,#1640,.F.);
#1654 = ORIENTED_EDGE('',*,*,#1655,.T.);
#1655 = EDGE_CURVE('',#1626,#1656,#1658,.T.);
#1656 = VERTEX_POINT('',#1657);
#1657 = CARTESIAN_POINT('',(32.,71.,3.2));
#1658 = LINE('',#1659,#1660);
#1659 = CARTESIAN_POINT('',(25.,71.,3.2));
#1660 = VECTOR('',#1661,1.);
#1661 = DIRECTION('',(1.,0.,0.));
#1662 = ORIENTED_EDGE('',*,*,#1663,.T.);
#1663 = EDGE_CURVE('',#1656,#1100,#1664,.T.);
#1664 = LINE('',#1665,#1666);
#1665 = CARTESIAN_POINT('',(32.,71.,3.2));
#1666 = VECTOR('',#1667,1.);
#1667 = DIRECTION('',(0.,1.,0.));
#1668 = ORIENTED_EDGE('',*,*,#1107,.F.);
#1669 = PLANE('',#1670);
#1670 = AXIS2_PLACEMENT_3D('',#1671,#1672,#1673);
#1671 = CARTESIAN_POINT('',(25.,71.,3.2));
#1672 = DIRECTION('',(0.,0.,1.));
#1673 = DIRECTION('',(1.,0.,0.));
#1674 = ADVANCED_FACE('',(#1675),#1693,.T.);
#1675 = FACE_BOUND('',#1676,.T.);
#1676 = EDGE_LOOP('',(#1677,#1685,#1691,#1692));
#1677 = ORIENTED_EDGE('',*,*,#1678,.F.);
#1678 = EDGE_CURVE('',#1679,#1656,#1681,.T.);
#1679 = VERTEX_POINT('',#1680);
#1680 = CARTESIAN_POINT('',(32.,71.,2.2));
#1681 = LINE('',#1682,#1683);
#1682 = CARTESIAN_POINT('',(32.,71.,2.2));
#1683 = VECTOR('',#1684,1.);
#1684 = DIRECTION('',(0.,0.,1.));
#1685 = ORIENTED_EDGE('',*,*,#1686,.T.);
#1686 = EDGE_CURVE('',#1679,#1092,#1687,.T.);
#1687 = LINE('',#1688,#1689);
#1688 = CARTESIAN_POINT('',(32.,71.,2.2));
#1689 = VECTOR('',#1690,1.);
#1690 = DIRECTION('',(0.,1.,0.));
#1691 = ORIENTED_EDGE('',*,*,#1099,.T.);
#1692 = ORIENTED_EDGE('',*,*,#1663,.F.);
#1693 = PLANE('',#1694);
#1694 = AXIS2_PLACEMENT_3D('',#1695,#1696,#1697);
#1695 = CARTESIAN_POINT('',(32.,71.,2.2));
#1696 = DIRECTION('',(1.,0.,0.));
#1697 = DIRECTION('',(0.,0.,1.));
#1698 = ADVANCED_FACE('',(#1699),#1710,.F.);
#1699 = FACE_BOUND('',#1700,.F.);
#1700 = EDGE_LOOP('',(#1701,#1707,#1708,#1709));
#1701 = ORIENTED_EDGE('',*,*,#1702,.F.);
#1702 = EDGE_CURVE('',#1624,#1679,#1703,.T.);
#1703 = LINE('',#1704,#1705);
#1704 = CARTESIAN_POINT('',(25.,71.,2.2));
#1705 = VECTOR('',#1706,1.);
#1706 = DIRECTION('',(1.,0.,0.));
#1707 = ORIENTED_EDGE('',*,*,#1623,.T.);
#1708 = ORIENTED_EDGE('',*,*,#1655,.T.);
#1709 = ORIENTED_EDGE('',*,*,#1678,.F.);
#1710 = PLANE('',#1711);
#1711 = AXIS2_PLACEMENT_3D('',#1712,#1713,#1714);
#1712 = CARTESIAN_POINT('',(25.,71.,2.2));
#1713 = DIRECTION('',(0.,1.,0.));
#1714 = DIRECTION('',(0.,0.,1.));
#1715 = ADVANCED_FACE('',(#1716),#1741,.F.);
#1716 = FACE_BOUND('',#1717,.F.);
#1717 = EDGE_LOOP('',(#1718,#1728,#1734,#1735));
#1718 = ORIENTED_EDGE('',*,*,#1719,.F.);
#1719 = EDGE_CURVE('',#1720,#1722,#1724,.T.);
#1720 = VERTEX_POINT('',#1721);
#1721 = CARTESIAN_POINT('',(12.3,38.96,15.));
#1722 = VERTEX_POINT('',#1723);
#1723 = CARTESIAN_POINT('',(24.7,38.96,15.));
#1724 = LINE('',#1725,#1726);
#1725 = CARTESIAN_POINT('',(12.3,38.96,15.));
#1726 = VECTOR('',#1727,1.);
#1727 = DIRECTION('',(1.,0.,0.));
#1728 = ORIENTED_EDGE('',*,*,#1729,.T.);
#1729 = EDGE_CURVE('',#1720,#1147,#1730,.T.);
#1730 = LINE('',#1731,#1732);
#1731 = CARTESIAN_POINT('',(12.3,38.96,15.));
#1732 = VECTOR('',#1733,1.);
#1733 = DIRECTION('',(0.,0.,1.));
#1734 = ORIENTED_EDGE('',*,*,#1146,.T.);
#1735 = ORIENTED_EDGE('',*,*,#1736,.F.);
#1736 = EDGE_CURVE('',#1722,#1149,#1737,.T.);
#1737 = LINE('',#1738,#1739);
#1738 = CARTESIAN_POINT('',(24.7,38.96,15.));
#1739 = VECTOR('',#1740,1.);
#1740 = DIRECTION('',(0.,0.,1.));
#1741 = PLANE('',#1742);
#1742 = AXIS2_PLACEMENT_3D('',#1743,#1744,#1745);
#1743 = CARTESIAN_POINT('',(12.3,38.96,15.));
#1744 = DIRECTION('',(0.,1.,0.));
#1745 = DIRECTION('',(0.,0.,1.));
#1746 = ADVANCED_FACE('',(#1747),#1765,.F.);
#1747 = FACE_BOUND('',#1748,.F.);
#1748 = EDGE_LOOP('',(#1749,#1750,#1758,#1764));
#1749 = ORIENTED_EDGE('',*,*,#1729,.F.);
#1750 = ORIENTED_EDGE('',*,*,#1751,.T.);
#1751 = EDGE_CURVE('',#1720,#1752,#1754,.T.);
#1752 = VERTEX_POINT('',#1753);
#1753 = CARTESIAN_POINT('',(12.3,51.36,15.));
#1754 = LINE('',#1755,#1756);
#1755 = CARTESIAN_POINT('',(12.3,38.96,15.));
#1756 = VECTOR('',#1757,1.);
#1757 = DIRECTION('',(0.,1.,0.));
#1758 = ORIENTED_EDGE('',*,*,#1759,.T.);
#1759 = EDGE_CURVE('',#1752,#1157,#1760,.T.);
#1760 = LINE('',#1761,#1762);
#1761 = CARTESIAN_POINT('',(12.3,51.36,15.));
#1762 = VECTOR('',#1763,1.);
#1763 = DIRECTION('',(0.,0.,1.));
#1764 = ORIENTED_EDGE('',*,*,#1156,.F.);
#1765 = PLANE('',#1766);
#1766 = AXIS2_PLACEMENT_3D('',#1767,#1768,#1769);
#1767 = CARTESIAN_POINT('',(12.3,38.96,15.));
#1768 = DIRECTION('',(1.,0.,0.));
#1769 = DIRECTION('',(0.,0.,1.));
#1770 = ADVANCED_FACE('',(#1771),#1789,.T.);
#1771 = FACE_BOUND('',#1772,.T.);
#1772 = EDGE_LOOP('',(#1773,#1774,#1782,#1788));
#1773 = ORIENTED_EDGE('',*,*,#1736,.F.);
#1774 = ORIENTED_EDGE('',*,*,#1775,.T.);
#1775 = EDGE_CURVE('',#1722,#1776,#1778,.T.);
#1776 = VERTEX_POINT('',#1777);
#1777 = CARTESIAN_POINT('',(24.7,51.36,15.));
#1778 = LINE('',#1779,#1780);
#1779 = CARTESIAN_POINT('',(24.7,38.96,15.));
#1780 = VECTOR('',#1781,1.);
#1781 = DIRECTION('',(0.,1.,0.));
#1782 = ORIENTED_EDGE('',*,*,#1783,.T.);
#1783 = EDGE_CURVE('',#1776,#1197,#1784,.T.);
#1784 = LINE('',#1785,#1786);
#1785 = CARTESIAN_POINT('',(24.7,51.36,15.));
#1786 = VECTOR('',#1787,1.);
#1787 = DIRECTION('',(0.,0.,1.));
#1788 = ORIENTED_EDGE('',*,*,#1204,.F.);
#1789 = PLANE('',#1790);
#1790 = AXIS2_PLACEMENT_3D('',#1791,#1792,#1793);
#1791 = CARTESIAN_POINT('',(24.7,38.96,15.));
#1792 = DIRECTION('',(1.,0.,0.));
#1793 = DIRECTION('',(0.,0.,1.));
#1794 = ADVANCED_FACE('',(#1795),#1813,.T.);
#1795 = FACE_BOUND('',#1796,.T.);
#1796 = EDGE_LOOP('',(#1797,#1805,#1806,#1807));
#1797 = ORIENTED_EDGE('',*,*,#1798,.F.);
#1798 = EDGE_CURVE('',#1752,#1799,#1801,.T.);
#1799 = VERTEX_POINT('',#1800);
#1800 = CARTESIAN_POINT('',(13.8,51.36,15.));
#1801 = LINE('',#1802,#1803);
#1802 = CARTESIAN_POINT('',(12.3,51.36,15.));
#1803 = VECTOR('',#1804,1.);
#1804 = DIRECTION('',(1.,0.,0.));
#1805 = ORIENTED_EDGE('',*,*,#1759,.T.);
#1806 = ORIENTED_EDGE('',*,*,#1164,.T.);
#1807 = ORIENTED_EDGE('',*,*,#1808,.T.);
#1808 = EDGE_CURVE('',#1165,#1799,#1809,.T.);
#1809 = LINE('',#1810,#1811);
#1810 = CARTESIAN_POINT('',(13.8,51.36,14.95));
#1811 = VECTOR('',#1812,1.);
#1812 = DIRECTION('',(0.,0.,-1.));
#1813 = PLANE('',#1814);
#1814 = AXIS2_PLACEMENT_3D('',#1815,#1816,#1817);
#1815 = CARTESIAN_POINT('',(12.3,51.36,15.));
#1816 = DIRECTION('',(0.,1.,0.));
#1817 = DIRECTION('',(0.,0.,1.));
#1818 = ADVANCED_FACE('',(#1819),#1837,.T.);
#1819 = FACE_BOUND('',#1820,.T.);
#1820 = EDGE_LOOP('',(#1821,#1829,#1835,#1836));
#1821 = ORIENTED_EDGE('',*,*,#1822,.F.);
#1822 = EDGE_CURVE('',#1823,#1776,#1825,.T.);
#1823 = VERTEX_POINT('',#1824);
#1824 = CARTESIAN_POINT('',(23.2,51.36,15.));
#1825 = LINE('',#1826,#1827);
#1826 = CARTESIAN_POINT('',(12.3,51.36,15.));
#1827 = VECTOR('',#1828,1.);
#1828 = DIRECTION('',(1.,0.,0.));
#1829 = ORIENTED_EDGE('',*,*,#1830,.F.);
#1830 = EDGE_CURVE('',#1189,#1823,#1831,.T.);
#1831 = LINE('',#1832,#1833);
#1832 = CARTESIAN_POINT('',(23.2,51.36,14.95));
#1833 = VECTOR('',#1834,1.);
#1834 = DIRECTION('',(0.,0.,-1.));
#1835 = ORIENTED_EDGE('',*,*,#1196,.T.);
#1836 = ORIENTED_EDGE('',*,*,#1783,.F.);
#1837 = PLANE('',#1838);
#1838 = AXIS2_PLACEMENT_3D('',#1839,#1840,#1841);
#1839 = CARTESIAN_POINT('',(12.3,51.36,15.));
#1840 = DIRECTION('',(0.,1.,0.));
#1841 = DIRECTION('',(0.,0.,1.));
#1842 = ADVANCED_FACE('',(#1843),#1861,.T.);
#1843 = FACE_BOUND('',#1844,.T.);
#1844 = EDGE_LOOP('',(#1845,#1853,#1859,#1860));
#1845 = ORIENTED_EDGE('',*,*,#1846,.F.);
#1846 = EDGE_CURVE('',#1847,#1173,#1849,.T.);
#1847 = VERTEX_POINT('',#1848);
#1848 = CARTESIAN_POINT('',(13.8,40.46,15.));
#1849 = LINE('',#1850,#1851);
#1850 = CARTESIAN_POINT('',(13.8,40.46,14.9));
#1851 = VECTOR('',#1852,1.);
#1852 = DIRECTION('',(0.,0.,1.));
#1853 = ORIENTED_EDGE('',*,*,#1854,.T.);
#1854 = EDGE_CURVE('',#1847,#1799,#1855,.T.);
#1855 = LINE('',#1856,#1857);
#1856 = CARTESIAN_POINT('',(13.8,39.71,15.));
#1857 = VECTOR('',#1858,1.);
#1858 = DIRECTION('',(0.,1.,0.));
#1859 = ORIENTED_EDGE('',*,*,#1808,.F.);
#1860 = ORIENTED_EDGE('',*,*,#1172,.F.);
#1861 = PLANE('',#1862);
#1862 = AXIS2_PLACEMENT_3D('',#1863,#1864,#1865);
#1863 = CARTESIAN_POINT('',(13.8,40.46,14.9));
#1864 = DIRECTION('',(1.,0.,0.));
#1865 = DIRECTION('',(0.,0.,1.));
#1866 = ADVANCED_FACE('',(#1867),#1885,.F.);
#1867 = FACE_BOUND('',#1868,.F.);
#1868 = EDGE_LOOP('',(#1869,#1877,#1883,#1884));
#1869 = ORIENTED_EDGE('',*,*,#1870,.F.);
#1870 = EDGE_CURVE('',#1871,#1181,#1873,.T.);
#1871 = VERTEX_POINT('',#1872);
#1872 = CARTESIAN_POINT('',(23.2,40.46,15.));
#1873 = LINE('',#1874,#1875);
#1874 = CARTESIAN_POINT('',(23.2,40.46,14.9));
#1875 = VECTOR('',#1876,1.);
#1876 = DIRECTION('',(0.,0.,1.));
#1877 = ORIENTED_EDGE('',*,*,#1878,.T.);
#1878 = EDGE_CURVE('',#1871,#1823,#1879,.T.);
#1879 = LINE('',#1880,#1881);
#1880 = CARTESIAN_POINT('',(23.2,39.71,15.));
#1881 = VECTOR('',#1882,1.);
#1882 = DIRECTION('',(0.,1.,0.));
#1883 = ORIENTED_EDGE('',*,*,#1830,.F.);
#1884 = ORIENTED_EDGE('',*,*,#1188,.F.);
#1885 = PLANE('',#1886);
#1886 = AXIS2_PLACEMENT_3D('',#1887,#1888,#1889);
#1887 = CARTESIAN_POINT('',(23.2,40.46,14.9));
#1888 = DIRECTION('',(1.,0.,0.));
#1889 = DIRECTION('',(0.,0.,1.));
#1890 = ADVANCED_FACE('',(#1891),#1902,.T.);
#1891 = FACE_BOUND('',#1892,.T.);
#1892 = EDGE_LOOP('',(#1893,#1894,#1900,#1901));
#1893 = ORIENTED_EDGE('',*,*,#1870,.F.);
#1894 = ORIENTED_EDGE('',*,*,#1895,.T.);
#1895 = EDGE_CURVE('',#1871,#1847,#1896,.T.);
#1896 = LINE('',#1897,#1898);
#1897 = CARTESIAN_POINT('',(13.05,40.46,15.));
#1898 = VECTOR('',#1899,1.);
#1899 = DIRECTION('',(-1.,0.,0.));
#1900 = ORIENTED_EDGE('',*,*,#1846,.T.);
#1901 = ORIENTED_EDGE('',*,*,#1180,.F.);
#1902 = PLANE('',#1903);
#1903 = AXIS2_PLACEMENT_3D('',#1904,#1905,#1906);
#1904 = CARTESIAN_POINT('',(13.8,40.46,14.9));
#1905 = DIRECTION('',(0.,1.,0.));
#1906 = DIRECTION('',(0.,0.,1.));
#1907 = ADVANCED_FACE('',(#1908),#1933,.F.);
#1908 = FACE_BOUND('',#1909,.F.);
#1909 = EDGE_LOOP('',(#1910,#1918,#1926,#1932));
#1910 = ORIENTED_EDGE('',*,*,#1911,.F.);
#1911 = EDGE_CURVE('',#1912,#1213,#1914,.T.);
#1912 = VERTEX_POINT('',#1913);
#1913 = CARTESIAN_POINT('',(32.5,3.,6.));
#1914 = LINE('',#1915,#1916);
#1915 = CARTESIAN_POINT('',(32.5,3.,6.));
#1916 = VECTOR('',#1917,1.);
#1917 = DIRECTION('',(0.,0.,1.));
#1918 = ORIENTED_EDGE('',*,*,#1919,.T.);
#1919 = EDGE_CURVE('',#1912,#1920,#1922,.T.);
#1920 = VERTEX_POINT('',#1921);
#1921 = CARTESIAN_POINT('',(32.5,71.,6.));
#1922 = LINE('',#1923,#1924);
#1923 = CARTESIAN_POINT('',(32.5,3.,6.));
#1924 = VECTOR('',#1925,1.);
#1925 = DIRECTION('',(0.,1.,0.));
#1926 = ORIENTED_EDGE('',*,*,#1927,.T.);
#1927 = EDGE_CURVE('',#1920,#1223,#1928,.T.);
#1928 = LINE('',#1929,#1930);
#1929 = CARTESIAN_POINT('',(32.5,71.,6.));
#1930 = VECTOR('',#1931,1.);
#1931 = DIRECTION('',(0.,0.,1.));
#1932 = ORIENTED_EDGE('',*,*,#1222,.F.);
#1933 = PLANE('',#1934);
#1934 = AXIS2_PLACEMENT_3D('',#1935,#1936,#1937);
#1935 = CARTESIAN_POINT('',(32.5,3.,6.));
#1936 = DIRECTION('',(1.,0.,0.));
#1937 = DIRECTION('',(0.,0.,1.));
#1938 = ADVANCED_FACE('',(#1939),#1945,.T.);
#1939 = FACE_BOUND('',#1940,.T.);
#1940 = EDGE_LOOP('',(#1941,#1942,#1943,#1944));
#1941 = ORIENTED_EDGE('',*,*,#1442,.F.);
#1942 = ORIENTED_EDGE('',*,*,#1261,.T.);
#1943 = ORIENTED_EDGE('',*,*,#1293,.T.);
#1944 = ORIENTED_EDGE('',*,*,#1316,.F.);
#1945 = PLANE('',#1946);
#1946 = AXIS2_PLACEMENT_3D('',#1947,#1948,#1949);
#1947 = CARTESIAN_POINT('',(7.,3.,5.));
#1948 = DIRECTION('',(1.,0.,0.));
#1949 = DIRECTION('',(0.,0.,1.));
#1950 = ADVANCED_FACE('',(#1951),#1976,.T.);
#1951 = FACE_BOUND('',#1952,.T.);
#1952 = EDGE_LOOP('',(#1953,#1961,#1962,#1970));
#1953 = ORIENTED_EDGE('',*,*,#1954,.F.);
#1954 = EDGE_CURVE('',#1356,#1955,#1957,.T.);
#1955 = VERTEX_POINT('',#1956);
#1956 = CARTESIAN_POINT('',(5.,15.,7.7));
#1957 = LINE('',#1958,#1959);
#1958 = CARTESIAN_POINT('',(5.,15.,6.));
#1959 = VECTOR('',#1960,1.);
#1960 = DIRECTION('',(0.,0.,1.));
#1961 = ORIENTED_EDGE('',*,*,#1355,.T.);
#1962 = ORIENTED_EDGE('',*,*,#1963,.T.);
#1963 = EDGE_CURVE('',#1348,#1964,#1966,.T.);
#1964 = VERTEX_POINT('',#1965);
#1965 = CARTESIAN_POINT('',(5.,19.,7.7));
#1966 = LINE('',#1967,#1968);
#1967 = CARTESIAN_POINT('',(5.,19.,6.));
#1968 = VECTOR('',#1969,1.);
#1969 = DIRECTION('',(0.,0.,1.));
#1970 = ORIENTED_EDGE('',*,*,#1971,.F.);
#1971 = EDGE_CURVE('',#1955,#1964,#1972,.T.);
#1972 = LINE('',#1973,#1974);
#1973 = CARTESIAN_POINT('',(5.,15.,7.7));
#1974 = VECTOR('',#1975,1.);
#1975 = DIRECTION('',(0.,1.,0.));
#1976 = PLANE('',#1977);
#1977 = AXIS2_PLACEMENT_3D('',#1978,#1979,#1980);
#1978 = CARTESIAN_POINT('',(5.,15.,6.));
#1979 = DIRECTION('',(1.,0.,0.));
#1980 = DIRECTION('',(0.,0.,1.));
#1981 = ADVANCED_FACE('',(#1982),#2007,.T.);
#1982 = FACE_BOUND('',#1983,.T.);
#1983 = EDGE_LOOP('',(#1984,#1992,#1993,#2001));
#1984 = ORIENTED_EDGE('',*,*,#1985,.F.);
#1985 = EDGE_CURVE('',#1333,#1986,#1988,.T.);
#1986 = VERTEX_POINT('',#1987);
#1987 = CARTESIAN_POINT('',(5.,55.,7.7));
#1988 = LINE('',#1989,#1990);
#1989 = CARTESIAN_POINT('',(5.,55.,6.));
#1990 = VECTOR('',#1991,1.);
#1991 = DIRECTION('',(0.,0.,1.));
#1992 = ORIENTED_EDGE('',*,*,#1332,.T.);
#1993 = ORIENTED_EDGE('',*,*,#1994,.T.);
#1994 = EDGE_CURVE('',#1325,#1995,#1997,.T.);
#1995 = VERTEX_POINT('',#1996);
#1996 = CARTESIAN_POINT('',(5.,59.,7.7));
#1997 = LINE('',#1998,#1999);
#1998 = CARTESIAN_POINT('',(5.,59.,6.));
#1999 = VECTOR('',#2000,1.);
#2000 = DIRECTION('',(0.,0.,1.));
#2001 = ORIENTED_EDGE('',*,*,#2002,.F.);
#2002 = EDGE_CURVE('',#1986,#1995,#2003,.T.);
#2003 = LINE('',#2004,#2005);
#2004 = CARTESIAN_POINT('',(5.,55.,7.7));
#2005 = VECTOR('',#2006,1.);
#2006 = DIRECTION('',(0.,1.,0.));
#2007 = PLANE('',#2008);
#2008 = AXIS2_PLACEMENT_3D('',#2009,#2010,#2011);
#2009 = CARTESIAN_POINT('',(5.,55.,6.));
#2010 = DIRECTION('',(1.,0.,0.));
#2011 = DIRECTION('',(0.,0.,1.));
#2012 = ADVANCED_FACE('',(#2013),#2038,.F.);
#2013 = FACE_BOUND('',#2014,.F.);
#2014 = EDGE_LOOP('',(#2015,#2023,#2024,#2032));
#2015 = ORIENTED_EDGE('',*,*,#2016,.F.);
#2016 = EDGE_CURVE('',#1379,#2017,#2019,.T.);
#2017 = VERTEX_POINT('',#2018);
#2018 = CARTESIAN_POINT('',(5.,55.,8.4));
#2019 = LINE('',#2020,#2021);
#2020 = CARTESIAN_POINT('',(5.,55.,7.7));
#2021 = VECTOR('',#2022,1.);
#2022 = DIRECTION('',(0.,0.,1.));
#2023 = ORIENTED_EDGE('',*,*,#1386,.T.);
#2024 = ORIENTED_EDGE('',*,*,#2025,.T.);
#2025 = EDGE_CURVE('',#1387,#2026,#2028,.T.);
#2026 = VERTEX_POINT('',#2027);
#2027 = CARTESIAN_POINT('',(5.,59.,8.4));
#2028 = LINE('',#2029,#2030);
#2029 = CARTESIAN_POINT('',(5.,59.,7.7));
#2030 = VECTOR('',#2031,1.);
#2031 = DIRECTION('',(0.,0.,1.));
#2032 = ORIENTED_EDGE('',*,*,#2033,.F.);
#2033 = EDGE_CURVE('',#2017,#2026,#2034,.T.);
#2034 = LINE('',#2035,#2036);
#2035 = CARTESIAN_POINT('',(5.,55.,8.4));
#2036 = VECTOR('',#2037,1.);
#2037 = DIRECTION('',(0.,1.,0.));
#2038 = PLANE('',#2039);
#2039 = AXIS2_PLACEMENT_3D('',#2040,#2041,#2042);
#2040 = CARTESIAN_POINT('',(5.,55.,7.7));
#2041 = DIRECTION('',(1.,0.,0.));
#2042 = DIRECTION('',(0.,0.,1.));
#2043 = ADVANCED_FACE('',(#2044),#2069,.F.);
#2044 = FACE_BOUND('',#2045,.F.);
#2045 = EDGE_LOOP('',(#2046,#2054,#2055,#2063));
#2046 = ORIENTED_EDGE('',*,*,#2047,.F.);
#2047 = EDGE_CURVE('',#1410,#2048,#2050,.T.);
#2048 = VERTEX_POINT('',#2049);
#2049 = CARTESIAN_POINT('',(5.,15.,8.4));
#2050 = LINE('',#2051,#2052);
#2051 = CARTESIAN_POINT('',(5.,15.,7.7));
#2052 = VECTOR('',#2053,1.);
#2053 = DIRECTION('',(0.,0.,1.));
#2054 = ORIENTED_EDGE('',*,*,#1417,.T.);
#2055 = ORIENTED_EDGE('',*,*,#2056,.T.);
#2056 = EDGE_CURVE('',#1418,#2057,#2059,.T.);
#2057 = VERTEX_POINT('',#2058);
#2058 = CARTESIAN_POINT('',(5.,19.,8.4));
#2059 = LINE('',#2060,#2061);
#2060 = CARTESIAN_POINT('',(5.,19.,7.7));
#2061 = VECTOR('',#2062,1.);
#2062 = DIRECTION('',(0.,0.,1.));
#2063 = ORIENTED_EDGE('',*,*,#2064,.F.);
#2064 = EDGE_CURVE('',#2048,#2057,#2065,.T.);
#2065 = LINE('',#2066,#2067);
#2066 = CARTESIAN_POINT('',(5.,15.,8.4));
#2067 = VECTOR('',#2068,1.);
#2068 = DIRECTION('',(0.,1.,0.));
#2069 = PLANE('',#2070);
#2070 = AXIS2_PLACEMENT_3D('',#2071,#2072,#2073);
#2071 = CARTESIAN_POINT('',(5.,15.,7.7));
#2072 = DIRECTION('',(1.,0.,0.));
#2073 = DIRECTION('',(0.,0.,1.));
#2074 = ADVANCED_FACE('',(#2075),#2081,.F.);
#2075 = FACE_BOUND('',#2076,.F.);
#2076 = EDGE_LOOP('',(#2077,#2078,#2079,#2080));
#2077 = ORIENTED_EDGE('',*,*,#1590,.F.);
#2078 = ORIENTED_EDGE('',*,*,#1456,.T.);
#2079 = ORIENTED_EDGE('',*,*,#1488,.T.);
#2080 = ORIENTED_EDGE('',*,*,#1512,.F.);
#2081 = PLANE('',#2082);
#2082 = AXIS2_PLACEMENT_3D('',#2083,#2084,#2085);
#2083 = CARTESIAN_POINT('',(50.,19.,5.));
#2084 = DIRECTION('',(1.,0.,0.));
#2085 = DIRECTION('',(0.,0.,1.));
#2086 = ADVANCED_FACE('',(#2087),#2112,.F.);
#2087 = FACE_BOUND('',#2088,.F.);
#2088 = EDGE_LOOP('',(#2089,#2097,#2098,#2106));
#2089 = ORIENTED_EDGE('',*,*,#2090,.F.);
#2090 = EDGE_CURVE('',#1528,#2091,#2093,.T.);
#2091 = VERTEX_POINT('',#2092);
#2092 = CARTESIAN_POINT('',(52.,30.,7.7));
#2093 = LINE('',#2094,#2095);
#2094 = CARTESIAN_POINT('',(52.,30.,6.));
#2095 = VECTOR('',#2096,1.);
#2096 = DIRECTION('',(0.,0.,1.));
#2097 = ORIENTED_EDGE('',*,*,#1535,.T.);
#2098 = ORIENTED_EDGE('',*,*,#2099,.T.);
#2099 = EDGE_CURVE('',#1536,#2100,#2102,.T.);
#2100 = VERTEX_POINT('',#2101);
#2101 = CARTESIAN_POINT('',(52.,34.,7.7));
#2102 = LINE('',#2103,#2104);
#2103 = CARTESIAN_POINT('',(52.,34.,6.));
#2104 = VECTOR('',#2105,1.);
#2105 = DIRECTION('',(0.,0.,1.));
#2106 = ORIENTED_EDGE('',*,*,#2107,.F.);
#2107 = EDGE_CURVE('',#2091,#2100,#2108,.T.);
#2108 = LINE('',#2109,#2110);
#2109 = CARTESIAN_POINT('',(52.,30.,7.7));
#2110 = VECTOR('',#2111,1.);
#2111 = DIRECTION('',(0.,1.,0.));
#2112 = PLANE('',#2113);
#2113 = AXIS2_PLACEMENT_3D('',#2114,#2115,#2116);
#2114 = CARTESIAN_POINT('',(52.,30.,6.));
#2115 = DIRECTION('',(1.,0.,0.));
#2116 = DIRECTION('',(0.,0.,1.));
#2117 = ADVANCED_FACE('',(#2118),#2143,.T.);
#2118 = FACE_BOUND('',#2119,.T.);
#2119 = EDGE_LOOP('',(#2120,#2128,#2129,#2137));
#2120 = ORIENTED_EDGE('',*,*,#2121,.F.);
#2121 = EDGE_CURVE('',#1559,#2122,#2124,.T.);
#2122 = VERTEX_POINT('',#2123);
#2123 = CARTESIAN_POINT('',(52.,30.,8.4));
#2124 = LINE('',#2125,#2126);
#2125 = CARTESIAN_POINT('',(52.,30.,7.7));
#2126 = VECTOR('',#2127,1.);
#2127 = DIRECTION('',(0.,0.,1.));
#2128 = ORIENTED_EDGE('',*,*,#1558,.T.);
#2129 = ORIENTED_EDGE('',*,*,#2130,.T.);
#2130 = EDGE_CURVE('',#1561,#2131,#2133,.T.);
#2131 = VERTEX_POINT('',#2132);
#2132 = CARTESIAN_POINT('',(52.,34.,8.4));
#2133 = LINE('',#2134,#2135);
#2134 = CARTESIAN_POINT('',(52.,34.,7.7));
#2135 = VECTOR('',#2136,1.);
#2136 = DIRECTION('',(0.,0.,1.));
#2137 = ORIENTED_EDGE('',*,*,#2138,.F.);
#2138 = EDGE_CURVE('',#2122,#2131,#2139,.T.);
#2139 = LINE('',#2140,#2141);
#2140 = CARTESIAN_POINT('',(52.,30.,8.4));
#2141 = VECTOR('',#2142,1.);
#2142 = DIRECTION('',(0.,1.,0.));
#2143 = PLANE('',#2144);
#2144 = AXIS2_PLACEMENT_3D('',#2145,#2146,#2147);
#2145 = CARTESIAN_POINT('',(52.,30.,7.7));
#2146 = DIRECTION('',(1.,0.,0.));
#2147 = DIRECTION('',(0.,0.,1.));
#2148 = ADVANCED_FACE('',(#2149),#2159,.F.);
#2149 = FACE_BOUND('',#2150,.F.);
#2150 = EDGE_LOOP('',(#2151,#2152,#2153,#2154,#2155,#2156,#2157,#2158));
#2151 = ORIENTED_EDGE('',*,*,#1798,.F.);
#2152 = ORIENTED_EDGE('',*,*,#1751,.F.);
#2153 = ORIENTED_EDGE('',*,*,#1719,.T.);
#2154 = ORIENTED_EDGE('',*,*,#1775,.T.);
#2155 = ORIENTED_EDGE('',*,*,#1822,.F.);
#2156 = ORIENTED_EDGE('',*,*,#1878,.F.);
#2157 = ORIENTED_EDGE('',*,*,#1895,.T.);
#2158 = ORIENTED_EDGE('',*,*,#1854,.T.);
#2159 = PLANE('',#2160);
#2160 = AXIS2_PLACEMENT_3D('',#2161,#2162,#2163);
#2161 = CARTESIAN_POINT('',(12.3,38.96,15.));
#2162 = DIRECTION('',(0.,0.,1.));
#2163 = DIRECTION('',(1.,0.,0.));
#2164 = ADVANCED_FACE('',(#2165),#2190,.T.);
#2165 = FACE_BOUND('',#2166,.T.);
#2166 = EDGE_LOOP('',(#2167,#2175,#2183,#2189));
#2167 = ORIENTED_EDGE('',*,*,#2168,.F.);
#2168 = EDGE_CURVE('',#2169,#1920,#2171,.T.);
#2169 = VERTEX_POINT('',#2170);
#2170 = CARTESIAN_POINT('',(30.,71.,6.));
#2171 = LINE('',#2172,#2173);
#2172 = CARTESIAN_POINT('',(30.,71.,6.));
#2173 = VECTOR('',#2174,1.);
#2174 = DIRECTION('',(1.,0.,0.));
#2175 = ORIENTED_EDGE('',*,*,#2176,.F.);
#2176 = EDGE_CURVE('',#2177,#2169,#2179,.T.);
#2177 = VERTEX_POINT('',#2178);
#2178 = CARTESIAN_POINT('',(30.,3.,6.));
#2179 = LINE('',#2180,#2181);
#2180 = CARTESIAN_POINT('',(30.,3.,6.));
#2181 = VECTOR('',#2182,1.);
#2182 = DIRECTION('',(0.,1.,0.));
#2183 = ORIENTED_EDGE('',*,*,#2184,.T.);
#2184 = EDGE_CURVE('',#2177,#1912,#2185,.T.);
#2185 = LINE('',#2186,#2187);
#2186 = CARTESIAN_POINT('',(30.,3.,6.));
#2187 = VECTOR('',#2188,1.);
#2188 = DIRECTION('',(1.,0.,0.));
#2189 = ORIENTED_EDGE('',*,*,#1919,.T.);
#2190 = PLANE('',#2191);
#2191 = AXIS2_PLACEMENT_3D('',#2192,#2193,#2194);
#2192 = CARTESIAN_POINT('',(30.,3.,6.));
#2193 = DIRECTION('',(0.,0.,1.));
#2194 = DIRECTION('',(1.,0.,0.));
#2195 = ADVANCED_FACE('',(#2196),#2221,.F.);
#2196 = FACE_BOUND('',#2197,.F.);
#2197 = EDGE_LOOP('',(#2198,#2199,#2207,#2215));
#2198 = ORIENTED_EDGE('',*,*,#1971,.F.);
#2199 = ORIENTED_EDGE('',*,*,#2200,.T.);
#2200 = EDGE_CURVE('',#1955,#2201,#2203,.T.);
#2201 = VERTEX_POINT('',#2202);
#2202 = CARTESIAN_POINT('',(6.5,15.,7.7));
#2203 = LINE('',#2204,#2205);
#2204 = CARTESIAN_POINT('',(5.,15.,7.7));
#2205 = VECTOR('',#2206,1.);
#2206 = DIRECTION('',(1.,0.,0.));
#2207 = ORIENTED_EDGE('',*,*,#2208,.T.);
#2208 = EDGE_CURVE('',#2201,#2209,#2211,.T.);
#2209 = VERTEX_POINT('',#2210);
#2210 = CARTESIAN_POINT('',(6.5,19.,7.7));
#2211 = LINE('',#2212,#2213);
#2212 = CARTESIAN_POINT('',(6.5,15.,7.7));
#2213 = VECTOR('',#2214,1.);
#2214 = DIRECTION('',(0.,1.,0.));
#2215 = ORIENTED_EDGE('',*,*,#2216,.F.);
#2216 = EDGE_CURVE('',#1964,#2209,#2217,.T.);
#2217 = LINE('',#2218,#2219);
#2218 = CARTESIAN_POINT('',(5.,19.,7.7));
#2219 = VECTOR('',#2220,1.);
#2220 = DIRECTION('',(1.,0.,0.));
#2221 = PLANE('',#2222);
#2222 = AXIS2_PLACEMENT_3D('',#2223,#2224,#2225);
#2223 = CARTESIAN_POINT('',(5.,15.,7.7));
#2224 = DIRECTION('',(0.,0.,1.));
#2225 = DIRECTION('',(1.,0.,0.));
#2226 = ADVANCED_FACE('',(#2227),#2252,.F.);
#2227 = FACE_BOUND('',#2228,.F.);
#2228 = EDGE_LOOP('',(#2229,#2230,#2238,#2246));
#2229 = ORIENTED_EDGE('',*,*,#2002,.F.);
#2230 = ORIENTED_EDGE('',*,*,#2231,.T.);
#2231 = EDGE_CURVE('',#1986,#2232,#2234,.T.);
#2232 = VERTEX_POINT('',#2233);
#2233 = CARTESIAN_POINT('',(6.5,55.,7.7));
#2234 = LINE('',#2235,#2236);
#2235 = CARTESIAN_POINT('',(5.,55.,7.7));
#2236 = VECTOR('',#2237,1.);
#2237 = DIRECTION('',(1.,0.,0.));
#2238 = ORIENTED_EDGE('',*,*,#2239,.T.);
#2239 = EDGE_CURVE('',#2232,#2240,#2242,.T.);
#2240 = VERTEX_POINT('',#2241);
#2241 = CARTESIAN_POINT('',(6.5,59.,7.7));
#2242 = LINE('',#2243,#2244);
#2243 = CARTESIAN_POINT('',(6.5,55.,7.7));
#2244 = VECTOR('',#2245,1.);
#2245 = DIRECTION('',(0.,1.,0.));
#2246 = ORIENTED_EDGE('',*,*,#2247,.F.);
#2247 = EDGE_CURVE('',#1995,#2240,#2248,.T.);
#2248 = LINE('',#2249,#2250);
#2249 = CARTESIAN_POINT('',(5.,59.,7.7));
#2250 = VECTOR('',#2251,1.);
#2251 = DIRECTION('',(1.,0.,0.));
#2252 = PLANE('',#2253);
#2253 = AXIS2_PLACEMENT_3D('',#2254,#2255,#2256);
#2254 = CARTESIAN_POINT('',(5.,55.,7.7));
#2255 = DIRECTION('',(0.,0.,1.));
#2256 = DIRECTION('',(1.,0.,0.));
#2257 = ADVANCED_FACE('',(#2258),#2283,.T.);
#2258 = FACE_BOUND('',#2259,.T.);
#2259 = EDGE_LOOP('',(#2260,#2268,#2269,#2277));
#2260 = ORIENTED_EDGE('',*,*,#2261,.F.);
#2261 = EDGE_CURVE('',#2232,#2262,#2264,.T.);
#2262 = VERTEX_POINT('',#2263);
#2263 = CARTESIAN_POINT('',(6.5,55.,8.4));
#2264 = LINE('',#2265,#2266);
#2265 = CARTESIAN_POINT('',(6.5,55.,7.7));
#2266 = VECTOR('',#2267,1.);
#2267 = DIRECTION('',(0.,0.,1.));
#2268 = ORIENTED_EDGE('',*,*,#2239,.T.);
#2269 = ORIENTED_EDGE('',*,*,#2270,.T.);
#2270 = EDGE_CURVE('',#2240,#2271,#2273,.T.);
#2271 = VERTEX_POINT('',#2272);
#2272 = CARTESIAN_POINT('',(6.5,59.,8.4));
#2273 = LINE('',#2274,#2275);
#2274 = CARTESIAN_POINT('',(6.5,59.,7.7));
#2275 = VECTOR('',#2276,1.);
#2276 = DIRECTION('',(0.,0.,1.));
#2277 = ORIENTED_EDGE('',*,*,#2278,.F.);
#2278 = EDGE_CURVE('',#2262,#2271,#2279,.T.);
#2279 = LINE('',#2280,#2281);
#2280 = CARTESIAN_POINT('',(6.5,55.,8.4));
#2281 = VECTOR('',#2282,1.);
#2282 = DIRECTION('',(0.,1.,0.));
#2283 = PLANE('',#2284);
#2284 = AXIS2_PLACEMENT_3D('',#2285,#2286,#2287);
#2285 = CARTESIAN_POINT('',(6.5,55.,7.7));
#2286 = DIRECTION('',(1.,0.,0.));
#2287 = DIRECTION('',(0.,0.,1.));
#2288 = ADVANCED_FACE('',(#2289),#2305,.T.);
#2289 = FACE_BOUND('',#2290,.T.);
#2290 = EDGE_LOOP('',(#2291,#2292,#2298,#2299));
#2291 = ORIENTED_EDGE('',*,*,#2033,.F.);
#2292 = ORIENTED_EDGE('',*,*,#2293,.T.);
#2293 = EDGE_CURVE('',#2017,#2262,#2294,.T.);
#2294 = LINE('',#2295,#2296);
#2295 = CARTESIAN_POINT('',(5.,55.,8.4));
#2296 = VECTOR('',#2297,1.);
#2297 = DIRECTION('',(1.,0.,0.));
#2298 = ORIENTED_EDGE('',*,*,#2278,.T.);
#2299 = ORIENTED_EDGE('',*,*,#2300,.F.);
#2300 = EDGE_CURVE('',#2026,#2271,#2301,.T.);
#2301 = LINE('',#2302,#2303);
#2302 = CARTESIAN_POINT('',(5.,59.,8.4));
#2303 = VECTOR('',#2304,1.);
#2304 = DIRECTION('',(1.,0.,0.));
#2305 = PLANE('',#2306);
#2306 = AXIS2_PLACEMENT_3D('',#2307,#2308,#2309);
#2307 = CARTESIAN_POINT('',(5.,55.,8.4));
#2308 = DIRECTION('',(0.,0.,1.));
#2309 = DIRECTION('',(1.,0.,0.));
#2310 = ADVANCED_FACE('',(#2311),#2336,.T.);
#2311 = FACE_BOUND('',#2312,.T.);
#2312 = EDGE_LOOP('',(#2313,#2321,#2322,#2330));
#2313 = ORIENTED_EDGE('',*,*,#2314,.F.);
#2314 = EDGE_CURVE('',#2201,#2315,#2317,.T.);
#2315 = VERTEX_POINT('',#2316);
#2316 = CARTESIAN_POINT('',(6.5,15.,8.4));
#2317 = LINE('',#2318,#2319);
#2318 = CARTESIAN_POINT('',(6.5,15.,7.7));
#2319 = VECTOR('',#2320,1.);
#2320 = DIRECTION('',(0.,0.,1.));
#2321 = ORIENTED_EDGE('',*,*,#2208,.T.);
#2322 = ORIENTED_EDGE('',*,*,#2323,.T.);
#2323 = EDGE_CURVE('',#2209,#2324,#2326,.T.);
#2324 = VERTEX_POINT('',#2325);
#2325 = CARTESIAN_POINT('',(6.5,19.,8.4));
#2326 = LINE('',#2327,#2328);
#2327 = CARTESIAN_POINT('',(6.5,19.,7.7));
#2328 = VECTOR('',#2329,1.);
#2329 = DIRECTION('',(0.,0.,1.));
#2330 = ORIENTED_EDGE('',*,*,#2331,.F.);
#2331 = EDGE_CURVE('',#2315,#2324,#2332,.T.);
#2332 = LINE('',#2333,#2334);
#2333 = CARTESIAN_POINT('',(6.5,15.,8.4));
#2334 = VECTOR('',#2335,1.);
#2335 = DIRECTION('',(0.,1.,0.));
#2336 = PLANE('',#2337);
#2337 = AXIS2_PLACEMENT_3D('',#2338,#2339,#2340);
#2338 = CARTESIAN_POINT('',(6.5,15.,7.7));
#2339 = DIRECTION('',(1.,0.,0.));
#2340 = DIRECTION('',(0.,0.,1.));
#2341 = ADVANCED_FACE('',(#2342),#2358,.T.);
#2342 = FACE_BOUND('',#2343,.T.);
#2343 = EDGE_LOOP('',(#2344,#2345,#2351,#2352));
#2344 = ORIENTED_EDGE('',*,*,#2064,.F.);
#2345 = ORIENTED_EDGE('',*,*,#2346,.T.);
#2346 = EDGE_CURVE('',#2048,#2315,#2347,.T.);
#2347 = LINE('',#2348,#2349);
#2348 = CARTESIAN_POINT('',(5.,15.,8.4));
#2349 = VECTOR('',#2350,1.);
#2350 = DIRECTION('',(1.,0.,0.));
#2351 = ORIENTED_EDGE('',*,*,#2331,.T.);
#2352 = ORIENTED_EDGE('',*,*,#2353,.F.);
#2353 = EDGE_CURVE('',#2057,#2324,#2354,.T.);
#2354 = LINE('',#2355,#2356);
#2355 = CARTESIAN_POINT('',(5.,19.,8.4));
#2356 = VECTOR('',#2357,1.);
#2357 = DIRECTION('',(1.,0.,0.));
#2358 = PLANE('',#2359);
#2359 = AXIS2_PLACEMENT_3D('',#2360,#2361,#2362);
#2360 = CARTESIAN_POINT('',(5.,15.,8.4));
#2361 = DIRECTION('',(0.,0.,1.));
#2362 = DIRECTION('',(1.,0.,0.));
#2363 = ADVANCED_FACE('',(#2364),#2389,.F.);
#2364 = FACE_BOUND('',#2365,.F.);
#2365 = EDGE_LOOP('',(#2366,#2376,#2382,#2383));
#2366 = ORIENTED_EDGE('',*,*,#2367,.F.);
#2367 = EDGE_CURVE('',#2368,#2370,#2372,.T.);
#2368 = VERTEX_POINT('',#2369);
#2369 = CARTESIAN_POINT('',(50.5,30.,7.7));
#2370 = VERTEX_POINT('',#2371);
#2371 = CARTESIAN_POINT('',(50.5,34.,7.7));
#2372 = LINE('',#2373,#2374);
#2373 = CARTESIAN_POINT('',(50.5,30.,7.7));
#2374 = VECTOR('',#2375,1.);
#2375 = DIRECTION('',(0.,1.,0.));
#2376 = ORIENTED_EDGE('',*,*,#2377,.T.);
#2377 = EDGE_CURVE('',#2368,#2091,#2378,.T.);
#2378 = LINE('',#2379,#2380);
#2379 = CARTESIAN_POINT('',(50.5,30.,7.7));
#2380 = VECTOR('',#2381,1.);
#2381 = DIRECTION('',(1.,0.,0.));
#2382 = ORIENTED_EDGE('',*,*,#2107,.T.);
#2383 = ORIENTED_EDGE('',*,*,#2384,.F.);
#2384 = EDGE_CURVE('',#2370,#2100,#2385,.T.);
#2385 = LINE('',#2386,#2387);
#2386 = CARTESIAN_POINT('',(50.5,34.,7.7));
#2387 = VECTOR('',#2388,1.);
#2388 = DIRECTION('',(1.,0.,0.));
#2389 = PLANE('',#2390);
#2390 = AXIS2_PLACEMENT_3D('',#2391,#2392,#2393);
#2391 = CARTESIAN_POINT('',(50.5,30.,7.7));
#2392 = DIRECTION('',(0.,0.,1.));
#2393 = DIRECTION('',(1.,0.,0.));
#2394 = ADVANCED_FACE('',(#2395),#2420,.T.);
#2395 = FACE_BOUND('',#2396,.T.);
#2396 = EDGE_LOOP('',(#2397,#2407,#2413,#2414));
#2397 = ORIENTED_EDGE('',*,*,#2398,.F.);
#2398 = EDGE_CURVE('',#2399,#2401,#2403,.T.);
#2399 = VERTEX_POINT('',#2400);
#2400 = CARTESIAN_POINT('',(50.5,30.,8.4));
#2401 = VERTEX_POINT('',#2402);
#2402 = CARTESIAN_POINT('',(50.5,34.,8.4));
#2403 = LINE('',#2404,#2405);
#2404 = CARTESIAN_POINT('',(50.5,30.,8.4));
#2405 = VECTOR('',#2406,1.);
#2406 = DIRECTION('',(0.,1.,0.));
#2407 = ORIENTED_EDGE('',*,*,#2408,.T.);
#2408 = EDGE_CURVE('',#2399,#2122,#2409,.T.);
#2409 = LINE('',#2410,#2411);
#2410 = CARTESIAN_POINT('',(50.5,30.,8.4));
#2411 = VECTOR('',#2412,1.);
#2412 = DIRECTION('',(1.,0.,0.));
#2413 = ORIENTED_EDGE('',*,*,#2138,.T.);
#2414 = ORIENTED_EDGE('',*,*,#2415,.F.);
#2415 = EDGE_CURVE('',#2401,#2131,#2416,.T.);
#2416 = LINE('',#2417,#2418);
#2417 = CARTESIAN_POINT('',(50.5,34.,8.4));
#2418 = VECTOR('',#2419,1.);
#2419 = DIRECTION('',(1.,0.,0.));
#2420 = PLANE('',#2421);
#2421 = AXIS2_PLACEMENT_3D('',#2422,#2423,#2424);
#2422 = CARTESIAN_POINT('',(50.5,30.,8.4));
#2423 = DIRECTION('',(0.,0.,1.));
#2424 = DIRECTION('',(1.,0.,0.));
#2425 = ADVANCED_FACE('',(#2426),#2442,.F.);
#2426 = FACE_BOUND('',#2427,.F.);
#2427 = EDGE_LOOP('',(#2428,#2434,#2435,#2441));
#2428 = ORIENTED_EDGE('',*,*,#2429,.F.);
#2429 = EDGE_CURVE('',#2368,#2399,#2430,.T.);
#2430 = LINE('',#2431,#2432);
#2431 = CARTESIAN_POINT('',(50.5,30.,7.7));
#2432 = VECTOR('',#2433,1.);
#2433 = DIRECTION('',(0.,0.,1.));
#2434 = ORIENTED_EDGE('',*,*,#2367,.T.);
#2435 = ORIENTED_EDGE('',*,*,#2436,.T.);
#2436 = EDGE_CURVE('',#2370,#2401,#2437,.T.);
#2437 = LINE('',#2438,#2439);
#2438 = CARTESIAN_POINT('',(50.5,34.,7.7));
#2439 = VECTOR('',#2440,1.);
#2440 = DIRECTION('',(0.,0.,1.));
#2441 = ORIENTED_EDGE('',*,*,#2398,.F.);
#2442 = PLANE('',#2443);
#2443 = AXIS2_PLACEMENT_3D('',#2444,#2445,#2446);
#2444 = CARTESIAN_POINT('',(50.5,30.,7.7));
#2445 = DIRECTION('',(1.,0.,0.));
#2446 = DIRECTION('',(0.,0.,1.));
#2447 = ADVANCED_FACE('',(#2448),#2473,.F.);
#2448 = FACE_BOUND('',#2449,.F.);
#2449 = EDGE_LOOP('',(#2450,#2458,#2466,#2472));
#2450 = ORIENTED_EDGE('',*,*,#2451,.F.);
#2451 = EDGE_CURVE('',#2452,#2177,#2454,.T.);
#2452 = VERTEX_POINT('',#2453);
#2453 = CARTESIAN_POINT('',(30.,3.,5.));
#2454 = LINE('',#2455,#2456);
#2455 = CARTESIAN_POINT('',(30.,3.,5.));
#2456 = VECTOR('',#2457,1.);
#2457 = DIRECTION('',(0.,0.,1.));
#2458 = ORIENTED_EDGE('',*,*,#2459,.T.);
#2459 = EDGE_CURVE('',#2452,#2460,#2462,.T.);
#2460 = VERTEX_POINT('',#2461);
#2461 = CARTESIAN_POINT('',(30.,71.,5.));
#2462 = LINE('',#2463,#2464);
#2463 = CARTESIAN_POINT('',(30.,3.,5.));
#2464 = VECTOR('',#2465,1.);
#2465 = DIRECTION('',(0.,1.,0.));
#2466 = ORIENTED_EDGE('',*,*,#2467,.T.);
#2467 = EDGE_CURVE('',#2460,#2169,#2468,.T.);
#2468 = LINE('',#2469,#2470);
#2469 = CARTESIAN_POINT('',(30.,71.,5.));
#2470 = VECTOR('',#2471,1.);
#2471 = DIRECTION('',(0.,0.,1.));
#2472 = ORIENTED_EDGE('',*,*,#2176,.F.);
#2473 = PLANE('',#2474);
#2474 = AXIS2_PLACEMENT_3D('',#2475,#2476,#2477);
#2475 = CARTESIAN_POINT('',(30.,3.,5.));
#2476 = DIRECTION('',(1.,0.,0.));
#2477 = DIRECTION('',(0.,0.,1.));
#2478 = ADVANCED_FACE('',(#2479),#2489,.T.);
#2479 = FACE_BOUND('',#2480,.T.);
#2480 = EDGE_LOOP('',(#2481,#2482,#2483,#2484,#2485,#2486,#2487,#2488));
#2481 = ORIENTED_EDGE('',*,*,#225,.T.);
#2482 = ORIENTED_EDGE('',*,*,#570,.F.);
#2483 = ORIENTED_EDGE('',*,*,#684,.T.);
#2484 = ORIENTED_EDGE('',*,*,#654,.F.);
#2485 = ORIENTED_EDGE('',*,*,#622,.F.);
#2486 = ORIENTED_EDGE('',*,*,#282,.F.);
#2487 = ORIENTED_EDGE('',*,*,#61,.F.);
#2488 = ORIENTED_EDGE('',*,*,#31,.T.);
#2489 = PLANE('',#2490);
#2490 = AXIS2_PLACEMENT_3D('',#2491,#2492,#2493);
#2491 = CARTESIAN_POINT('',(1.021241830065,37.18954248366,0.));
#2492 = DIRECTION('',(-0.,-0.,-1.));
#2493 = DIRECTION('',(-1.,0.,0.));
#2494 = ADVANCED_FACE('',(#2495),#2505,.T.);
#2495 = FACE_BOUND('',#2496,.T.);
#2496 = EDGE_LOOP('',(#2497,#2498,#2499,#2500,#2501,#2502,#2503,#2504));
#2497 = ORIENTED_EDGE('',*,*,#243,.T.);
#2498 = ORIENTED_EDGE('',*,*,#313,.F.);
#2499 = ORIENTED_EDGE('',*,*,#86,.F.);
#2500 = ORIENTED_EDGE('',*,*,#385,.T.);
#2501 = ORIENTED_EDGE('',*,*,#874,.F.);
#2502 = ORIENTED_EDGE('',*,*,#1034,.T.);
#2503 = ORIENTED_EDGE('',*,*,#1002,.T.);
#2504 = ORIENTED_EDGE('',*,*,#601,.T.);
#2505 = PLANE('',#2506);
#2506 = AXIS2_PLACEMENT_3D('',#2507,#2508,#2509);
#2507 = CARTESIAN_POINT('',(55.978758169935,37.18954248366,0.));
#2508 = DIRECTION('',(-0.,-0.,-1.));
#2509 = DIRECTION('',(-1.,0.,0.));
#2510 = ADVANCED_FACE('',(#2511),#2535,.T.);
#2511 = FACE_BOUND('',#2512,.T.);
#2512 = EDGE_LOOP('',(#2513,#2514,#2515,#2516,#2517,#2518,#2519,#2520,
    #2521,#2522,#2523,#2524,#2525,#2526,#2527,#2528,#2529,#2530,#2531,
    #2532,#2533,#2534));
#2513 = ORIENTED_EDGE('',*,*,#298,.T.);
#2514 = ORIENTED_EDGE('',*,*,#631,.T.);
#2515 = ORIENTED_EDGE('',*,*,#670,.T.);
#2516 = ORIENTED_EDGE('',*,*,#691,.F.);
#2517 = ORIENTED_EDGE('',*,*,#577,.T.);
#2518 = ORIENTED_EDGE('',*,*,#259,.T.);
#2519 = ORIENTED_EDGE('',*,*,#608,.F.);
#2520 = ORIENTED_EDGE('',*,*,#1018,.F.);
#2521 = ORIENTED_EDGE('',*,*,#1041,.F.);
#2522 = ORIENTED_EDGE('',*,*,#890,.T.);
#2523 = ORIENTED_EDGE('',*,*,#401,.F.);
#2524 = ORIENTED_EDGE('',*,*,#102,.F.);
#2525 = ORIENTED_EDGE('',*,*,#425,.T.);
#2526 = ORIENTED_EDGE('',*,*,#906,.T.);
#2527 = ORIENTED_EDGE('',*,*,#1091,.F.);
#2528 = ORIENTED_EDGE('',*,*,#1686,.F.);
#2529 = ORIENTED_EDGE('',*,*,#1702,.F.);
#2530 = ORIENTED_EDGE('',*,*,#1633,.T.);
#2531 = ORIENTED_EDGE('',*,*,#1075,.F.);
#2532 = ORIENTED_EDGE('',*,*,#746,.F.);
#2533 = ORIENTED_EDGE('',*,*,#346,.F.);
#2534 = ORIENTED_EDGE('',*,*,#134,.F.);
#2535 = PLANE('',#2536);
#2536 = AXIS2_PLACEMENT_3D('',#2537,#2538,#2539);
#2537 = CARTESIAN_POINT('',(28.5,45.716417910448,2.2));
#2538 = DIRECTION('',(-0.,-0.,-1.));
#2539 = DIRECTION('',(-1.,0.,0.));
#2540 = ADVANCED_FACE('',(#2541),#2598,.T.);
#2541 = FACE_BOUND('',#2542,.T.);
#2542 = EDGE_LOOP('',(#2543,#2544,#2552,#2560,#2568,#2576,#2584,#2592));
#2543 = ORIENTED_EDGE('',*,*,#2459,.T.);
#2544 = ORIENTED_EDGE('',*,*,#2545,.T.);
#2545 = EDGE_CURVE('',#2460,#2546,#2548,.T.);
#2546 = VERTEX_POINT('',#2547);
#2547 = CARTESIAN_POINT('',(34.5,71.,5.));
#2548 = LINE('',#2549,#2550);
#2549 = CARTESIAN_POINT('',(30.,71.,5.));
#2550 = VECTOR('',#2551,1.);
#2551 = DIRECTION('',(1.,0.,0.));
#2552 = ORIENTED_EDGE('',*,*,#2553,.F.);
#2553 = EDGE_CURVE('',#2554,#2546,#2556,.T.);
#2554 = VERTEX_POINT('',#2555);
#2555 = CARTESIAN_POINT('',(34.5,55.,5.));
#2556 = LINE('',#2557,#2558);
#2557 = CARTESIAN_POINT('',(34.5,3.,5.));
#2558 = VECTOR('',#2559,1.);
#2559 = DIRECTION('',(0.,1.,0.));
#2560 = ORIENTED_EDGE('',*,*,#2561,.T.);
#2561 = EDGE_CURVE('',#2554,#2562,#2564,.T.);
#2562 = VERTEX_POINT('',#2563);
#2563 = CARTESIAN_POINT('',(37.,55.,5.));
#2564 = LINE('',#2565,#2566);
#2565 = CARTESIAN_POINT('',(34.5,55.,5.));
#2566 = VECTOR('',#2567,1.);
#2567 = DIRECTION('',(1.,0.,0.));
#2568 = ORIENTED_EDGE('',*,*,#2569,.F.);
#2569 = EDGE_CURVE('',#2570,#2562,#2572,.T.);
#2570 = VERTEX_POINT('',#2571);
#2571 = CARTESIAN_POINT('',(37.,19.,5.));
#2572 = LINE('',#2573,#2574);
#2573 = CARTESIAN_POINT('',(37.,19.,5.));
#2574 = VECTOR('',#2575,1.);
#2575 = DIRECTION('',(0.,1.,0.));
#2576 = ORIENTED_EDGE('',*,*,#2577,.F.);
#2577 = EDGE_CURVE('',#2578,#2570,#2580,.T.);
#2578 = VERTEX_POINT('',#2579);
#2579 = CARTESIAN_POINT('',(34.5,19.,5.));
#2580 = LINE('',#2581,#2582);
#2581 = CARTESIAN_POINT('',(34.5,19.,5.));
#2582 = VECTOR('',#2583,1.);
#2583 = DIRECTION('',(1.,0.,0.));
#2584 = ORIENTED_EDGE('',*,*,#2585,.F.);
#2585 = EDGE_CURVE('',#2586,#2578,#2588,.T.);
#2586 = VERTEX_POINT('',#2587);
#2587 = CARTESIAN_POINT('',(34.5,3.,5.));
#2588 = LINE('',#2589,#2590);
#2589 = CARTESIAN_POINT('',(34.5,3.,5.));
#2590 = VECTOR('',#2591,1.);
#2591 = DIRECTION('',(0.,1.,0.));
#2592 = ORIENTED_EDGE('',*,*,#2593,.F.);
#2593 = EDGE_CURVE('',#2452,#2586,#2594,.T.);
#2594 = LINE('',#2595,#2596);
#2595 = CARTESIAN_POINT('',(30.,3.,5.));
#2596 = VECTOR('',#2597,1.);
#2597 = DIRECTION('',(1.,0.,0.));
#2598 = PLANE('',#2599);
#2599 = AXIS2_PLACEMENT_3D('',#2600,#2601,#2602);
#2600 = CARTESIAN_POINT('',(32.966666666667,37.,5.));
#2601 = DIRECTION('',(-0.,-0.,-1.));
#2602 = DIRECTION('',(-1.,0.,0.));
#2603 = ADVANCED_FACE('',(#2604),#2638,.T.);
#2604 = FACE_BOUND('',#2605,.T.);
#2605 = EDGE_LOOP('',(#2606,#2616,#2624,#2632));
#2606 = ORIENTED_EDGE('',*,*,#2607,.F.);
#2607 = EDGE_CURVE('',#2608,#2610,#2612,.T.);
#2608 = VERTEX_POINT('',#2609);
#2609 = CARTESIAN_POINT('',(34.5,19.,6.));
#2610 = VERTEX_POINT('',#2611);
#2611 = CARTESIAN_POINT('',(34.5,55.,6.));
#2612 = LINE('',#2613,#2614);
#2613 = CARTESIAN_POINT('',(34.5,3.,6.));
#2614 = VECTOR('',#2615,1.);
#2615 = DIRECTION('',(0.,1.,0.));
#2616 = ORIENTED_EDGE('',*,*,#2617,.T.);
#2617 = EDGE_CURVE('',#2608,#2618,#2620,.T.);
#2618 = VERTEX_POINT('',#2619);
#2619 = CARTESIAN_POINT('',(37.,19.,6.));
#2620 = LINE('',#2621,#2622);
#2621 = CARTESIAN_POINT('',(34.5,19.,6.));
#2622 = VECTOR('',#2623,1.);
#2623 = DIRECTION('',(1.,0.,0.));
#2624 = ORIENTED_EDGE('',*,*,#2625,.T.);
#2625 = EDGE_CURVE('',#2618,#2626,#2628,.T.);
#2626 = VERTEX_POINT('',#2627);
#2627 = CARTESIAN_POINT('',(37.,55.,6.));
#2628 = LINE('',#2629,#2630);
#2629 = CARTESIAN_POINT('',(37.,19.,6.));
#2630 = VECTOR('',#2631,1.);
#2631 = DIRECTION('',(0.,1.,0.));
#2632 = ORIENTED_EDGE('',*,*,#2633,.F.);
#2633 = EDGE_CURVE('',#2610,#2626,#2634,.T.);
#2634 = LINE('',#2635,#2636);
#2635 = CARTESIAN_POINT('',(34.5,55.,6.));
#2636 = VECTOR('',#2637,1.);
#2637 = DIRECTION('',(1.,0.,0.));
#2638 = PLANE('',#2639);
#2639 = AXIS2_PLACEMENT_3D('',#2640,#2641,#2642);
#2640 = CARTESIAN_POINT('',(34.5,19.,6.));
#2641 = DIRECTION('',(0.,0.,1.));
#2642 = DIRECTION('',(1.,0.,0.));
#2643 = ADVANCED_FACE('',(#2644),#2660,.F.);
#2644 = FACE_BOUND('',#2645,.F.);
#2645 = EDGE_LOOP('',(#2646,#2647,#2653,#2654));
#2646 = ORIENTED_EDGE('',*,*,#2577,.F.);
#2647 = ORIENTED_EDGE('',*,*,#2648,.T.);
#2648 = EDGE_CURVE('',#2578,#2608,#2649,.T.);
#2649 = LINE('',#2650,#2651);
#2650 = CARTESIAN_POINT('',(34.5,19.,5.));
#2651 = VECTOR('',#2652,1.);
#2652 = DIRECTION('',(0.,0.,1.));
#2653 = ORIENTED_EDGE('',*,*,#2617,.T.);
#2654 = ORIENTED_EDGE('',*,*,#2655,.F.);
#2655 = EDGE_CURVE('',#2570,#2618,#2656,.T.);
#2656 = LINE('',#2657,#2658);
#2657 = CARTESIAN_POINT('',(37.,19.,5.));
#2658 = VECTOR('',#2659,1.);
#2659 = DIRECTION('',(0.,0.,1.));
#2660 = PLANE('',#2661);
#2661 = AXIS2_PLACEMENT_3D('',#2662,#2663,#2664);
#2662 = CARTESIAN_POINT('',(34.5,19.,5.));
#2663 = DIRECTION('',(0.,1.,0.));
#2664 = DIRECTION('',(0.,0.,1.));
#2665 = ADVANCED_FACE('',(#2666),#2682,.T.);
#2666 = FACE_BOUND('',#2667,.T.);
#2667 = EDGE_LOOP('',(#2668,#2669,#2675,#2676));
#2668 = ORIENTED_EDGE('',*,*,#2561,.F.);
#2669 = ORIENTED_EDGE('',*,*,#2670,.T.);
#2670 = EDGE_CURVE('',#2554,#2610,#2671,.T.);
#2671 = LINE('',#2672,#2673);
#2672 = CARTESIAN_POINT('',(34.5,55.,5.));
#2673 = VECTOR('',#2674,1.);
#2674 = DIRECTION('',(0.,0.,1.));
#2675 = ORIENTED_EDGE('',*,*,#2633,.T.);
#2676 = ORIENTED_EDGE('',*,*,#2677,.F.);
#2677 = EDGE_CURVE('',#2562,#2626,#2678,.T.);
#2678 = LINE('',#2679,#2680);
#2679 = CARTESIAN_POINT('',(37.,55.,5.));
#2680 = VECTOR('',#2681,1.);
#2681 = DIRECTION('',(0.,0.,1.));
#2682 = PLANE('',#2683);
#2683 = AXIS2_PLACEMENT_3D('',#2684,#2685,#2686);
#2684 = CARTESIAN_POINT('',(34.5,55.,5.));
#2685 = DIRECTION('',(0.,1.,0.));
#2686 = DIRECTION('',(0.,0.,1.));
#2687 = ADVANCED_FACE('',(#2688),#2694,.T.);
#2688 = FACE_BOUND('',#2689,.T.);
#2689 = EDGE_LOOP('',(#2690,#2691,#2692,#2693));
#2690 = ORIENTED_EDGE('',*,*,#2655,.F.);
#2691 = ORIENTED_EDGE('',*,*,#2569,.T.);
#2692 = ORIENTED_EDGE('',*,*,#2677,.T.);
#2693 = ORIENTED_EDGE('',*,*,#2625,.F.);
#2694 = PLANE('',#2695);
#2695 = AXIS2_PLACEMENT_3D('',#2696,#2697,#2698);
#2696 = CARTESIAN_POINT('',(37.,19.,5.));
#2697 = DIRECTION('',(1.,0.,0.));
#2698 = DIRECTION('',(0.,0.,1.));
#2699 = ADVANCED_FACE('',(#2700),#2713,.T.);
#2700 = FACE_BOUND('',#2701,.T.);
#2701 = EDGE_LOOP('',(#2702,#2708,#2709,#2710,#2711,#2712));
#2702 = ORIENTED_EDGE('',*,*,#2703,.F.);
#2703 = EDGE_CURVE('',#2546,#1231,#2704,.T.);
#2704 = LINE('',#2705,#2706);
#2705 = CARTESIAN_POINT('',(34.5,71.,6.));
#2706 = VECTOR('',#2707,1.);
#2707 = DIRECTION('',(0.,0.,1.));
#2708 = ORIENTED_EDGE('',*,*,#2545,.F.);
#2709 = ORIENTED_EDGE('',*,*,#2467,.T.);
#2710 = ORIENTED_EDGE('',*,*,#2168,.T.);
#2711 = ORIENTED_EDGE('',*,*,#1927,.T.);
#2712 = ORIENTED_EDGE('',*,*,#1230,.T.);
#2713 = PLANE('',#2714);
#2714 = AXIS2_PLACEMENT_3D('',#2715,#2716,#2717);
#2715 = CARTESIAN_POINT('',(33.147435897436,71.,11.602564102564));
#2716 = DIRECTION('',(0.,1.,0.));
#2717 = DIRECTION('',(0.,0.,1.));
#2718 = ADVANCED_FACE('',(#2719),#2729,.T.);
#2719 = FACE_BOUND('',#2720,.T.);
#2720 = EDGE_LOOP('',(#2721,#2722,#2723,#2724,#2725,#2726,#2727,#2728));
#2721 = ORIENTED_EDGE('',*,*,#1324,.F.);
#2722 = ORIENTED_EDGE('',*,*,#844,.T.);
#2723 = ORIENTED_EDGE('',*,*,#1394,.T.);
#2724 = ORIENTED_EDGE('',*,*,#2025,.T.);
#2725 = ORIENTED_EDGE('',*,*,#2300,.T.);
#2726 = ORIENTED_EDGE('',*,*,#2270,.F.);
#2727 = ORIENTED_EDGE('',*,*,#2247,.F.);
#2728 = ORIENTED_EDGE('',*,*,#1994,.F.);
#2729 = PLANE('',#2730);
#2730 = AXIS2_PLACEMENT_3D('',#2731,#2732,#2733);
#2731 = CARTESIAN_POINT('',(5.,59.,7.45));
#2732 = DIRECTION('',(0.,1.,0.));
#2733 = DIRECTION('',(0.,0.,1.));
#2734 = ADVANCED_FACE('',(#2735),#2745,.T.);
#2735 = FACE_BOUND('',#2736,.T.);
#2736 = EDGE_LOOP('',(#2737,#2738,#2739,#2740,#2741,#2742,#2743,#2744));
#2737 = ORIENTED_EDGE('',*,*,#1340,.T.);
#2738 = ORIENTED_EDGE('',*,*,#1985,.T.);
#2739 = ORIENTED_EDGE('',*,*,#2231,.T.);
#2740 = ORIENTED_EDGE('',*,*,#2261,.T.);
#2741 = ORIENTED_EDGE('',*,*,#2293,.F.);
#2742 = ORIENTED_EDGE('',*,*,#2016,.F.);
#2743 = ORIENTED_EDGE('',*,*,#1378,.F.);
#2744 = ORIENTED_EDGE('',*,*,#828,.F.);
#2745 = PLANE('',#2746);
#2746 = AXIS2_PLACEMENT_3D('',#2747,#2748,#2749);
#2747 = CARTESIAN_POINT('',(5.,55.,7.45));
#2748 = DIRECTION('',(-0.,-1.,-0.));
#2749 = DIRECTION('',(0.,0.,-1.));
#2750 = ADVANCED_FACE('',(#2751),#2761,.T.);
#2751 = FACE_BOUND('',#2752,.T.);
#2752 = EDGE_LOOP('',(#2753,#2754,#2755,#2756,#2757,#2758,#2759,#2760));
#2753 = ORIENTED_EDGE('',*,*,#1347,.F.);
#2754 = ORIENTED_EDGE('',*,*,#812,.T.);
#2755 = ORIENTED_EDGE('',*,*,#1425,.T.);
#2756 = ORIENTED_EDGE('',*,*,#2056,.T.);
#2757 = ORIENTED_EDGE('',*,*,#2353,.T.);
#2758 = ORIENTED_EDGE('',*,*,#2323,.F.);
#2759 = ORIENTED_EDGE('',*,*,#2216,.F.);
#2760 = ORIENTED_EDGE('',*,*,#1963,.F.);
#2761 = PLANE('',#2762);
#2762 = AXIS2_PLACEMENT_3D('',#2763,#2764,#2765);
#2763 = CARTESIAN_POINT('',(5.,19.,7.45));
#2764 = DIRECTION('',(0.,1.,0.));
#2765 = DIRECTION('',(0.,0.,1.));
#2766 = ADVANCED_FACE('',(#2767),#2777,.T.);
#2767 = FACE_BOUND('',#2768,.T.);
#2768 = EDGE_LOOP('',(#2769,#2770,#2771,#2772,#2773,#2774,#2775,#2776));
#2769 = ORIENTED_EDGE('',*,*,#1363,.T.);
#2770 = ORIENTED_EDGE('',*,*,#1954,.T.);
#2771 = ORIENTED_EDGE('',*,*,#2200,.T.);
#2772 = ORIENTED_EDGE('',*,*,#2314,.T.);
#2773 = ORIENTED_EDGE('',*,*,#2346,.F.);
#2774 = ORIENTED_EDGE('',*,*,#2047,.F.);
#2775 = ORIENTED_EDGE('',*,*,#1409,.F.);
#2776 = ORIENTED_EDGE('',*,*,#796,.F.);
#2777 = PLANE('',#2778);
#2778 = AXIS2_PLACEMENT_3D('',#2779,#2780,#2781);
#2779 = CARTESIAN_POINT('',(5.,15.,7.45));
#2780 = DIRECTION('',(-0.,-1.,-0.));
#2781 = DIRECTION('',(0.,0.,-1.));
#2782 = ADVANCED_FACE('',(#2783),#2796,.T.);
#2783 = FACE_BOUND('',#2784,.T.);
#2784 = EDGE_LOOP('',(#2785,#2786,#2787,#2788,#2789,#2790));
#2785 = ORIENTED_EDGE('',*,*,#1212,.F.);
#2786 = ORIENTED_EDGE('',*,*,#1911,.F.);
#2787 = ORIENTED_EDGE('',*,*,#2184,.F.);
#2788 = ORIENTED_EDGE('',*,*,#2451,.F.);
#2789 = ORIENTED_EDGE('',*,*,#2593,.T.);
#2790 = ORIENTED_EDGE('',*,*,#2791,.T.);
#2791 = EDGE_CURVE('',#2586,#1215,#2792,.T.);
#2792 = LINE('',#2793,#2794);
#2793 = CARTESIAN_POINT('',(34.5,3.,5.));
#2794 = VECTOR('',#2795,1.);
#2795 = DIRECTION('',(0.,0.,1.));
#2796 = PLANE('',#2797);
#2797 = AXIS2_PLACEMENT_3D('',#2798,#2799,#2800);
#2798 = CARTESIAN_POINT('',(33.147435897436,3.,11.602564102564));
#2799 = DIRECTION('',(-0.,-1.,-0.));
#2800 = DIRECTION('',(0.,0.,-1.));
#2801 = ADVANCED_FACE('',(#2802),#2812,.T.);
#2802 = FACE_BOUND('',#2803,.T.);
#2803 = EDGE_LOOP('',(#2804,#2805,#2806,#2807,#2808,#2809,#2810,#2811));
#2804 = ORIENTED_EDGE('',*,*,#1543,.F.);
#2805 = ORIENTED_EDGE('',*,*,#2099,.T.);
#2806 = ORIENTED_EDGE('',*,*,#2384,.F.);
#2807 = ORIENTED_EDGE('',*,*,#2436,.T.);
#2808 = ORIENTED_EDGE('',*,*,#2415,.T.);
#2809 = ORIENTED_EDGE('',*,*,#2130,.F.);
#2810 = ORIENTED_EDGE('',*,*,#1575,.T.);
#2811 = ORIENTED_EDGE('',*,*,#972,.F.);
#2812 = PLANE('',#2813);
#2813 = AXIS2_PLACEMENT_3D('',#2814,#2815,#2816);
#2814 = CARTESIAN_POINT('',(52.,34.,7.45));
#2815 = DIRECTION('',(0.,1.,0.));
#2816 = DIRECTION('',(0.,0.,1.));
#2817 = ADVANCED_FACE('',(#2818),#2828,.T.);
#2818 = FACE_BOUND('',#2819,.T.);
#2819 = EDGE_LOOP('',(#2820,#2821,#2822,#2823,#2824,#2825,#2826,#2827));
#2820 = ORIENTED_EDGE('',*,*,#1527,.T.);
#2821 = ORIENTED_EDGE('',*,*,#956,.T.);
#2822 = ORIENTED_EDGE('',*,*,#1568,.F.);
#2823 = ORIENTED_EDGE('',*,*,#2121,.T.);
#2824 = ORIENTED_EDGE('',*,*,#2408,.F.);
#2825 = ORIENTED_EDGE('',*,*,#2429,.F.);
#2826 = ORIENTED_EDGE('',*,*,#2377,.T.);
#2827 = ORIENTED_EDGE('',*,*,#2090,.F.);
#2828 = PLANE('',#2829);
#2829 = AXIS2_PLACEMENT_3D('',#2830,#2831,#2832);
#2830 = CARTESIAN_POINT('',(52.,30.,7.45));
#2831 = DIRECTION('',(-0.,-1.,-0.));
#2832 = DIRECTION('',(0.,0.,-1.));
#2833 = ADVANCED_FACE('',(#2834),#2844,.T.);
#2834 = FACE_BOUND('',#2835,.T.);
#2835 = EDGE_LOOP('',(#2836,#2837,#2838,#2839,#2840,#2841,#2842,#2843));
#2836 = ORIENTED_EDGE('',*,*,#2791,.F.);
#2837 = ORIENTED_EDGE('',*,*,#2585,.T.);
#2838 = ORIENTED_EDGE('',*,*,#2648,.T.);
#2839 = ORIENTED_EDGE('',*,*,#2607,.T.);
#2840 = ORIENTED_EDGE('',*,*,#2670,.F.);
#2841 = ORIENTED_EDGE('',*,*,#2553,.T.);
#2842 = ORIENTED_EDGE('',*,*,#2703,.T.);
#2843 = ORIENTED_EDGE('',*,*,#1238,.F.);
#2844 = PLANE('',#2845);
#2845 = AXIS2_PLACEMENT_3D('',#2846,#2847,#2848);
#2846 = CARTESIAN_POINT('',(34.5,37.,12.630952380952));
#2847 = DIRECTION('',(1.,0.,0.));
#2848 = DIRECTION('',(0.,0.,1.));
#2849 = MANIFOLD_SOLID_BREP('',#2850);
#2850 = CLOSED_SHELL('',(#2851,#2891,#2922,#2978,#3025,#3053,#3065,#3089
    ,#3113,#3130,#3142,#3167,#3187,#3212));
#2851 = ADVANCED_FACE('',(#2852),#2886,.F.);
#2852 = FACE_BOUND('',#2853,.F.);
#2853 = EDGE_LOOP('',(#2854,#2864,#2872,#2880));
#2854 = ORIENTED_EDGE('',*,*,#2855,.F.);
#2855 = EDGE_CURVE('',#2856,#2858,#2860,.T.);
#2856 = VERTEX_POINT('',#2857);
#2857 = CARTESIAN_POINT('',(2.3,2.2,0.));
#2858 = VERTEX_POINT('',#2859);
#2859 = CARTESIAN_POINT('',(2.3,2.2,2.));
#2860 = LINE('',#2861,#2862);
#2861 = CARTESIAN_POINT('',(2.3,2.2,0.));
#2862 = VECTOR('',#2863,1.);
#2863 = DIRECTION('',(0.,0.,1.));
#2864 = ORIENTED_EDGE('',*,*,#2865,.T.);
#2865 = EDGE_CURVE('',#2856,#2866,#2868,.T.);
#2866 = VERTEX_POINT('',#2867);
#2867 = CARTESIAN_POINT('',(2.3,71.8,0.));
#2868 = LINE('',#2869,#2870);
#2869 = CARTESIAN_POINT('',(2.3,2.2,0.));
#2870 = VECTOR('',#2871,1.);
#2871 = DIRECTION('',(0.,1.,0.));
#2872 = ORIENTED_EDGE('',*,*,#2873,.T.);
#2873 = EDGE_CURVE('',#2866,#2874,#2876,.T.);
#2874 = VERTEX_POINT('',#2875);
#2875 = CARTESIAN_POINT('',(2.3,71.8,2.));
#2876 = LINE('',#2877,#2878);
#2877 = CARTESIAN_POINT('',(2.3,71.8,0.));
#2878 = VECTOR('',#2879,1.);
#2879 = DIRECTION('',(0.,0.,1.));
#2880 = ORIENTED_EDGE('',*,*,#2881,.F.);
#2881 = EDGE_CURVE('',#2858,#2874,#2882,.T.);
#2882 = LINE('',#2883,#2884);
#2883 = CARTESIAN_POINT('',(2.3,2.2,2.));
#2884 = VECTOR('',#2885,1.);
#2885 = DIRECTION('',(0.,1.,0.));
#2886 = PLANE('',#2887);
#2887 = AXIS2_PLACEMENT_3D('',#2888,#2889,#2890);
#2888 = CARTESIAN_POINT('',(2.3,2.2,0.));
#2889 = DIRECTION('',(1.,0.,0.));
#2890 = DIRECTION('',(0.,0.,1.));
#2891 = ADVANCED_FACE('',(#2892),#2917,.F.);
#2892 = FACE_BOUND('',#2893,.F.);
#2893 = EDGE_LOOP('',(#2894,#2902,#2903,#2911));
#2894 = ORIENTED_EDGE('',*,*,#2895,.F.);
#2895 = EDGE_CURVE('',#2856,#2896,#2898,.T.);
#2896 = VERTEX_POINT('',#2897);
#2897 = CARTESIAN_POINT('',(54.7,2.2,0.));
#2898 = LINE('',#2899,#2900);
#2899 = CARTESIAN_POINT('',(2.3,2.2,0.));
#2900 = VECTOR('',#2901,1.);
#2901 = DIRECTION('',(1.,0.,0.));
#2902 = ORIENTED_EDGE('',*,*,#2855,.T.);
#2903 = ORIENTED_EDGE('',*,*,#2904,.T.);
#2904 = EDGE_CURVE('',#2858,#2905,#2907,.T.);
#2905 = VERTEX_POINT('',#2906);
#2906 = CARTESIAN_POINT('',(54.7,2.2,2.));
#2907 = LINE('',#2908,#2909);
#2908 = CARTESIAN_POINT('',(2.3,2.2,2.));
#2909 = VECTOR('',#2910,1.);
#2910 = DIRECTION('',(1.,0.,0.));
#2911 = ORIENTED_EDGE('',*,*,#2912,.F.);
#2912 = EDGE_CURVE('',#2896,#2905,#2913,.T.);
#2913 = LINE('',#2914,#2915);
#2914 = CARTESIAN_POINT('',(54.7,2.2,0.));
#2915 = VECTOR('',#2916,1.);
#2916 = DIRECTION('',(0.,0.,1.));
#2917 = PLANE('',#2918);
#2918 = AXIS2_PLACEMENT_3D('',#2919,#2920,#2921);
#2919 = CARTESIAN_POINT('',(2.3,2.2,0.));
#2920 = DIRECTION('',(0.,1.,0.));
#2921 = DIRECTION('',(0.,0.,1.));
#2922 = ADVANCED_FACE('',(#2923),#2973,.T.);
#2923 = FACE_BOUND('',#2924,.T.);
#2924 = EDGE_LOOP('',(#2925,#2933,#2934,#2935,#2943,#2951,#2959,#2967));
#2925 = ORIENTED_EDGE('',*,*,#2926,.F.);
#2926 = EDGE_CURVE('',#2874,#2927,#2929,.T.);
#2927 = VERTEX_POINT('',#2928);
#2928 = CARTESIAN_POINT('',(24.5,71.8,2.));
#2929 = LINE('',#2930,#2931);
#2930 = CARTESIAN_POINT('',(2.3,71.8,2.));
#2931 = VECTOR('',#2932,1.);
#2932 = DIRECTION('',(1.,0.,0.));
#2933 = ORIENTED_EDGE('',*,*,#2881,.F.);
#2934 = ORIENTED_EDGE('',*,*,#2904,.T.);
#2935 = ORIENTED_EDGE('',*,*,#2936,.T.);
#2936 = EDGE_CURVE('',#2905,#2937,#2939,.T.);
#2937 = VERTEX_POINT('',#2938);
#2938 = CARTESIAN_POINT('',(54.7,71.8,2.));
#2939 = LINE('',#2940,#2941);
#2940 = CARTESIAN_POINT('',(54.7,2.2,2.));
#2941 = VECTOR('',#2942,1.);
#2942 = DIRECTION('',(0.,1.,0.));
#2943 = ORIENTED_EDGE('',*,*,#2944,.F.);
#2944 = EDGE_CURVE('',#2945,#2937,#2947,.T.);
#2945 = VERTEX_POINT('',#2946);
#2946 = CARTESIAN_POINT('',(32.5,71.8,2.));
#2947 = LINE('',#2948,#2949);
#2948 = CARTESIAN_POINT('',(2.3,71.8,2.));
#2949 = VECTOR('',#2950,1.);
#2950 = DIRECTION('',(1.,0.,0.));
#2951 = ORIENTED_EDGE('',*,*,#2952,.F.);
#2952 = EDGE_CURVE('',#2953,#2945,#2955,.T.);
#2953 = VERTEX_POINT('',#2954);
#2954 = CARTESIAN_POINT('',(32.5,71.4,2.));
#2955 = LINE('',#2956,#2957);
#2956 = CARTESIAN_POINT('',(32.5,71.4,2.));
#2957 = VECTOR('',#2958,1.);
#2958 = DIRECTION('',(0.,1.,0.));
#2959 = ORIENTED_EDGE('',*,*,#2960,.F.);
#2960 = EDGE_CURVE('',#2961,#2953,#2963,.T.);
#2961 = VERTEX_POINT('',#2962);
#2962 = CARTESIAN_POINT('',(24.5,71.4,2.));
#2963 = LINE('',#2964,#2965);
#2964 = CARTESIAN_POINT('',(24.5,71.4,2.));
#2965 = VECTOR('',#2966,1.);
#2966 = DIRECTION('',(1.,0.,0.));
#2967 = ORIENTED_EDGE('',*,*,#2968,.T.);
#2968 = EDGE_CURVE('',#2961,#2927,#2969,.T.);
#2969 = LINE('',#2970,#2971);
#2970 = CARTESIAN_POINT('',(24.5,71.4,2.));
#2971 = VECTOR('',#2972,1.);
#2972 = DIRECTION('',(0.,1.,0.));
#2973 = PLANE('',#2974);
#2974 = AXIS2_PLACEMENT_3D('',#2975,#2976,#2977);
#2975 = CARTESIAN_POINT('',(2.3,2.2,2.));
#2976 = DIRECTION('',(0.,0.,1.));
#2977 = DIRECTION('',(1.,0.,0.));
#2978 = ADVANCED_FACE('',(#2979),#3020,.T.);
#2979 = FACE_BOUND('',#2980,.T.);
#2980 = EDGE_LOOP('',(#2981,#2989,#2995,#2996,#2997,#3005,#3013,#3019));
#2981 = ORIENTED_EDGE('',*,*,#2982,.F.);
#2982 = EDGE_CURVE('',#2983,#2937,#2985,.T.);
#2983 = VERTEX_POINT('',#2984);
#2984 = CARTESIAN_POINT('',(54.7,71.8,0.));
#2985 = LINE('',#2986,#2987);
#2986 = CARTESIAN_POINT('',(54.7,71.8,0.));
#2987 = VECTOR('',#2988,1.);
#2988 = DIRECTION('',(0.,0.,1.));
#2989 = ORIENTED_EDGE('',*,*,#2990,.F.);
#2990 = EDGE_CURVE('',#2866,#2983,#2991,.T.);
#2991 = LINE('',#2992,#2993);
#2992 = CARTESIAN_POINT('',(2.3,71.8,0.));
#2993 = VECTOR('',#2994,1.);
#2994 = DIRECTION('',(1.,0.,0.));
#2995 = ORIENTED_EDGE('',*,*,#2873,.T.);
#2996 = ORIENTED_EDGE('',*,*,#2926,.T.);
#2997 = ORIENTED_EDGE('',*,*,#2998,.T.);
#2998 = EDGE_CURVE('',#2927,#2999,#3001,.T.);
#2999 = VERTEX_POINT('',#3000);
#3000 = CARTESIAN_POINT('',(24.5,71.8,1.));
#3001 = LINE('',#3002,#3003);
#3002 = CARTESIAN_POINT('',(24.5,71.8,0.5));
#3003 = VECTOR('',#3004,1.);
#3004 = DIRECTION('',(0.,0.,-1.));
#3005 = ORIENTED_EDGE('',*,*,#3006,.T.);
#3006 = EDGE_CURVE('',#2999,#3007,#3009,.T.);
#3007 = VERTEX_POINT('',#3008);
#3008 = CARTESIAN_POINT('',(32.5,71.8,1.));
#3009 = LINE('',#3010,#3011);
#3010 = CARTESIAN_POINT('',(13.4,71.8,1.));
#3011 = VECTOR('',#3012,1.);
#3012 = DIRECTION('',(1.,0.,0.));
#3013 = ORIENTED_EDGE('',*,*,#3014,.F.);
#3014 = EDGE_CURVE('',#2945,#3007,#3015,.T.);
#3015 = LINE('',#3016,#3017);
#3016 = CARTESIAN_POINT('',(32.5,71.8,0.5));
#3017 = VECTOR('',#3018,1.);
#3018 = DIRECTION('',(0.,0.,-1.));
#3019 = ORIENTED_EDGE('',*,*,#2944,.T.);
#3020 = PLANE('',#3021);
#3021 = AXIS2_PLACEMENT_3D('',#3022,#3023,#3024);
#3022 = CARTESIAN_POINT('',(2.3,71.8,0.));
#3023 = DIRECTION('',(0.,1.,0.));
#3024 = DIRECTION('',(0.,0.,1.));
#3025 = ADVANCED_FACE('',(#3026,#3037),#3048,.F.);
#3026 = FACE_BOUND('',#3027,.F.);
#3027 = EDGE_LOOP('',(#3028,#3029,#3030,#3036));
#3028 = ORIENTED_EDGE('',*,*,#2865,.F.);
#3029 = ORIENTED_EDGE('',*,*,#2895,.T.);
#3030 = ORIENTED_EDGE('',*,*,#3031,.T.);
#3031 = EDGE_CURVE('',#2896,#2983,#3032,.T.);
#3032 = LINE('',#3033,#3034);
#3033 = CARTESIAN_POINT('',(54.7,2.2,0.));
#3034 = VECTOR('',#3035,1.);
#3035 = DIRECTION('',(0.,1.,0.));
#3036 = ORIENTED_EDGE('',*,*,#2990,.F.);
#3037 = FACE_BOUND('',#3038,.F.);
#3038 = EDGE_LOOP('',(#3039));
#3039 = ORIENTED_EDGE('',*,*,#3040,.F.);
#3040 = EDGE_CURVE('',#3041,#3041,#3043,.T.);
#3041 = VERTEX_POINT('',#3042);
#3042 = CARTESIAN_POINT('',(42.,37.,0.));
#3043 = CIRCLE('',#3044,13.5);
#3044 = AXIS2_PLACEMENT_3D('',#3045,#3046,#3047);
#3045 = CARTESIAN_POINT('',(28.5,37.,0.));
#3046 = DIRECTION('',(0.,0.,1.));
#3047 = DIRECTION('',(1.,0.,0.));
#3048 = PLANE('',#3049);
#3049 = AXIS2_PLACEMENT_3D('',#3050,#3051,#3052);
#3050 = CARTESIAN_POINT('',(2.3,2.2,0.));
#3051 = DIRECTION('',(0.,0.,1.));
#3052 = DIRECTION('',(1.,0.,0.));
#3053 = ADVANCED_FACE('',(#3054),#3060,.T.);
#3054 = FACE_BOUND('',#3055,.T.);
#3055 = EDGE_LOOP('',(#3056,#3057,#3058,#3059));
#3056 = ORIENTED_EDGE('',*,*,#2912,.F.);
#3057 = ORIENTED_EDGE('',*,*,#3031,.T.);
#3058 = ORIENTED_EDGE('',*,*,#2982,.T.);
#3059 = ORIENTED_EDGE('',*,*,#2936,.F.);
#3060 = PLANE('',#3061);
#3061 = AXIS2_PLACEMENT_3D('',#3062,#3063,#3064);
#3062 = CARTESIAN_POINT('',(54.7,2.2,0.));
#3063 = DIRECTION('',(1.,0.,0.));
#3064 = DIRECTION('',(0.,0.,1.));
#3065 = ADVANCED_FACE('',(#3066),#3084,.T.);
#3066 = FACE_BOUND('',#3067,.T.);
#3067 = EDGE_LOOP('',(#3068,#3076,#3082,#3083));
#3068 = ORIENTED_EDGE('',*,*,#3069,.F.);
#3069 = EDGE_CURVE('',#3070,#2961,#3072,.T.);
#3070 = VERTEX_POINT('',#3071);
#3071 = CARTESIAN_POINT('',(24.5,71.4,1.));
#3072 = LINE('',#3073,#3074);
#3073 = CARTESIAN_POINT('',(24.5,71.4,1.));
#3074 = VECTOR('',#3075,1.);
#3075 = DIRECTION('',(0.,0.,1.));
#3076 = ORIENTED_EDGE('',*,*,#3077,.T.);
#3077 = EDGE_CURVE('',#3070,#2999,#3078,.T.);
#3078 = LINE('',#3079,#3080);
#3079 = CARTESIAN_POINT('',(24.5,71.4,1.));
#3080 = VECTOR('',#3081,1.);
#3081 = DIRECTION('',(0.,1.,0.));
#3082 = ORIENTED_EDGE('',*,*,#2998,.F.);
#3083 = ORIENTED_EDGE('',*,*,#2968,.F.);
#3084 = PLANE('',#3085);
#3085 = AXIS2_PLACEMENT_3D('',#3086,#3087,#3088);
#3086 = CARTESIAN_POINT('',(24.5,71.4,1.));
#3087 = DIRECTION('',(1.,0.,0.));
#3088 = DIRECTION('',(0.,0.,1.));
#3089 = ADVANCED_FACE('',(#3090),#3108,.T.);
#3090 = FACE_BOUND('',#3091,.T.);
#3091 = EDGE_LOOP('',(#3092,#3100,#3101,#3102));
#3092 = ORIENTED_EDGE('',*,*,#3093,.F.);
#3093 = EDGE_CURVE('',#3070,#3094,#3096,.T.);
#3094 = VERTEX_POINT('',#3095);
#3095 = CARTESIAN_POINT('',(32.5,71.4,1.));
#3096 = LINE('',#3097,#3098);
#3097 = CARTESIAN_POINT('',(24.5,71.4,1.));
#3098 = VECTOR('',#3099,1.);
#3099 = DIRECTION('',(1.,0.,0.));
#3100 = ORIENTED_EDGE('',*,*,#3069,.T.);
#3101 = ORIENTED_EDGE('',*,*,#2960,.T.);
#3102 = ORIENTED_EDGE('',*,*,#3103,.F.);
#3103 = EDGE_CURVE('',#3094,#2953,#3104,.T.);
#3104 = LINE('',#3105,#3106);
#3105 = CARTESIAN_POINT('',(32.5,71.4,1.));
#3106 = VECTOR('',#3107,1.);
#3107 = DIRECTION('',(0.,0.,1.));
#3108 = PLANE('',#3109);
#3109 = AXIS2_PLACEMENT_3D('',#3110,#3111,#3112);
#3110 = CARTESIAN_POINT('',(24.5,71.4,1.));
#3111 = DIRECTION('',(0.,1.,0.));
#3112 = DIRECTION('',(0.,0.,1.));
#3113 = ADVANCED_FACE('',(#3114),#3125,.F.);
#3114 = FACE_BOUND('',#3115,.F.);
#3115 = EDGE_LOOP('',(#3116,#3117,#3123,#3124));
#3116 = ORIENTED_EDGE('',*,*,#3103,.F.);
#3117 = ORIENTED_EDGE('',*,*,#3118,.T.);
#3118 = EDGE_CURVE('',#3094,#3007,#3119,.T.);
#3119 = LINE('',#3120,#3121);
#3120 = CARTESIAN_POINT('',(32.5,71.4,1.));
#3121 = VECTOR('',#3122,1.);
#3122 = DIRECTION('',(0.,1.,0.));
#3123 = ORIENTED_EDGE('',*,*,#3014,.F.);
#3124 = ORIENTED_EDGE('',*,*,#2952,.F.);
#3125 = PLANE('',#3126);
#3126 = AXIS2_PLACEMENT_3D('',#3127,#3128,#3129);
#3127 = CARTESIAN_POINT('',(32.5,71.4,1.));
#3128 = DIRECTION('',(1.,0.,0.));
#3129 = DIRECTION('',(0.,0.,1.));
#3130 = ADVANCED_FACE('',(#3131),#3137,.T.);
#3131 = FACE_BOUND('',#3132,.T.);
#3132 = EDGE_LOOP('',(#3133,#3134,#3135,#3136));
#3133 = ORIENTED_EDGE('',*,*,#3077,.F.);
#3134 = ORIENTED_EDGE('',*,*,#3093,.T.);
#3135 = ORIENTED_EDGE('',*,*,#3118,.T.);
#3136 = ORIENTED_EDGE('',*,*,#3006,.F.);
#3137 = PLANE('',#3138);
#3138 = AXIS2_PLACEMENT_3D('',#3139,#3140,#3141);
#3139 = CARTESIAN_POINT('',(24.5,71.4,1.));
#3140 = DIRECTION('',(0.,0.,1.));
#3141 = DIRECTION('',(1.,0.,0.));
#3142 = ADVANCED_FACE('',(#3143),#3162,.T.);
#3143 = FACE_BOUND('',#3144,.T.);
#3144 = EDGE_LOOP('',(#3145,#3146,#3154,#3161));
#3145 = ORIENTED_EDGE('',*,*,#3040,.F.);
#3146 = ORIENTED_EDGE('',*,*,#3147,.F.);
#3147 = EDGE_CURVE('',#3148,#3041,#3150,.T.);
#3148 = VERTEX_POINT('',#3149);
#3149 = CARTESIAN_POINT('',(42.,37.,-4.5));
#3150 = LINE('',#3151,#3152);
#3151 = CARTESIAN_POINT('',(42.,37.,-4.5));
#3152 = VECTOR('',#3153,1.);
#3153 = DIRECTION('',(0.,0.,1.));
#3154 = ORIENTED_EDGE('',*,*,#3155,.T.);
#3155 = EDGE_CURVE('',#3148,#3148,#3156,.T.);
#3156 = CIRCLE('',#3157,13.5);
#3157 = AXIS2_PLACEMENT_3D('',#3158,#3159,#3160);
#3158 = CARTESIAN_POINT('',(28.5,37.,-4.5));
#3159 = DIRECTION('',(0.,0.,1.));
#3160 = DIRECTION('',(1.,0.,0.));
#3161 = ORIENTED_EDGE('',*,*,#3147,.T.);
#3162 = CYLINDRICAL_SURFACE('',#3163,13.5);
#3163 = AXIS2_PLACEMENT_3D('',#3164,#3165,#3166);
#3164 = CARTESIAN_POINT('',(28.5,37.,-4.5));
#3165 = DIRECTION('',(0.,0.,1.));
#3166 = DIRECTION('',(1.,0.,0.));
#3167 = ADVANCED_FACE('',(#3168,#3171),#3182,.F.);
#3168 = FACE_BOUND('',#3169,.F.);
#3169 = EDGE_LOOP('',(#3170));
#3170 = ORIENTED_EDGE('',*,*,#3155,.T.);
#3171 = FACE_BOUND('',#3172,.F.);
#3172 = EDGE_LOOP('',(#3173));
#3173 = ORIENTED_EDGE('',*,*,#3174,.F.);
#3174 = EDGE_CURVE('',#3175,#3175,#3177,.T.);
#3175 = VERTEX_POINT('',#3176);
#3176 = CARTESIAN_POINT('',(38.8,37.,-4.5));
#3177 = CIRCLE('',#3178,10.3);
#3178 = AXIS2_PLACEMENT_3D('',#3179,#3180,#3181);
#3179 = CARTESIAN_POINT('',(28.5,37.,-4.5));
#3180 = DIRECTION('',(0.,0.,1.));
#3181 = DIRECTION('',(1.,0.,0.));
#3182 = PLANE('',#3183);
#3183 = AXIS2_PLACEMENT_3D('',#3184,#3185,#3186);
#3184 = CARTESIAN_POINT('',(28.5,37.,-4.5));
#3185 = DIRECTION('',(0.,0.,1.));
#3186 = DIRECTION('',(1.,0.,0.));
#3187 = ADVANCED_FACE('',(#3188),#3207,.F.);
#3188 = FACE_BOUND('',#3189,.F.);
#3189 = EDGE_LOOP('',(#3190,#3199,#3205,#3206));
#3190 = ORIENTED_EDGE('',*,*,#3191,.F.);
#3191 = EDGE_CURVE('',#3192,#3192,#3194,.T.);
#3192 = VERTEX_POINT('',#3193);
#3193 = CARTESIAN_POINT('',(38.8,37.,-1.5));
#3194 = CIRCLE('',#3195,10.3);
#3195 = AXIS2_PLACEMENT_3D('',#3196,#3197,#3198);
#3196 = CARTESIAN_POINT('',(28.5,37.,-1.5));
#3197 = DIRECTION('',(0.,0.,1.));
#3198 = DIRECTION('',(1.,0.,0.));
#3199 = ORIENTED_EDGE('',*,*,#3200,.F.);
#3200 = EDGE_CURVE('',#3175,#3192,#3201,.T.);
#3201 = LINE('',#3202,#3203);
#3202 = CARTESIAN_POINT('',(38.8,37.,-4.5));
#3203 = VECTOR('',#3204,1.);
#3204 = DIRECTION('',(0.,0.,1.));
#3205 = ORIENTED_EDGE('',*,*,#3174,.T.);
#3206 = ORIENTED_EDGE('',*,*,#3200,.T.);
#3207 = CYLINDRICAL_SURFACE('',#3208,10.3);
#3208 = AXIS2_PLACEMENT_3D('',#3209,#3210,#3211);
#3209 = CARTESIAN_POINT('',(28.5,37.,-4.5));
#3210 = DIRECTION('',(0.,0.,1.));
#3211 = DIRECTION('',(1.,0.,0.));
#3212 = ADVANCED_FACE('',(#3213),#3216,.F.);
#3213 = FACE_BOUND('',#3214,.F.);
#3214 = EDGE_LOOP('',(#3215));
#3215 = ORIENTED_EDGE('',*,*,#3191,.T.);
#3216 = PLANE('',#3217);
#3217 = AXIS2_PLACEMENT_3D('',#3218,#3219,#3220);
#3218 = CARTESIAN_POINT('',(28.5,37.,-1.5));
#3219 = DIRECTION('',(0.,0.,1.));
#3220 = DIRECTION('',(1.,0.,0.));
#3221 = ( GEOMETRIC_REPRESENTATION_CONTEXT(3) 
GLOBAL_UNCERTAINTY_ASSIGNED_CONTEXT((#3225)) 
GLOBAL_UNIT_ASSIGNED_CONTEXT((#3222,#3223,#3224)) REPRESENTATION_CONTEXT
('Context #1','3D Context with UNIT and UNCERTAINTY') );
#3222 = ( LENGTH_UNIT() NAMED_UNIT(*) SI_UNIT(.MILLI.,.METRE.) );
#3223 = ( NAMED_UNIT(*) PLANE_ANGLE_UNIT() SI_UNIT($,.RADIAN.) );
#3224 = ( NAMED_UNIT(*) SI_UNIT($,.STERADIAN.) SOLID_ANGLE_UNIT() );
#3225 = UNCERTAINTY_MEASURE_WITH_UNIT(LENGTH_MEASURE(1.E-07),#3222,
  'distance_accuracy_value','confusion accuracy');
#3226 = PRODUCT_RELATED_PRODUCT_CATEGORY('part',$,(#7));
ENDSEC;
END-ISO-10303-21;
